CustomerID,Recency,Frequency,Monetary,R_Score,F_Score,M_Score,RFM_Score,Cluster,RFM_Score_Sum
12347.0,2,7,2783.37,5,5,5,555,0,15
12348.0,249,3,90.2,1,4,1,141,1,6
12349.0,19,1,939.75,4,2,4,424,3,10
12350.0,310,1,294.4,1,2,3,123,1,6
12352.0,36,8,1101.09,3,5,4,354,3,12
12353.0,204,1,29.300000000000004,1,2,1,121,1,4
12354.0,232,1,642.13,1,2,4,124,1,7
12355.0,214,1,179.4,1,2,2,122,1,5
12356.0,246,2,491.06,1,3,3,133,1,7
12357.0,33,1,1289.3500000000001,4,2,5,425,3,11
12358.0,2,2,92.82,5,3,1,531,3,9
12359.0,8,6,2989.63,5,5,5,555,0,15
12360.0,52,3,1793.3600000000001,3,4,5,345,3,12
12361.0,287,1,174.9,1,2,2,122,1,5
12362.0,3,13,3884.89,5,5,5,555,0,15
12363.0,110,2,345.78000000000003,2,3,3,233,3,8
12364.0,8,3,1106.28,5,4,4,544,3,13
12365.0,291,1,307.94,1,2,3,123,1,6
12367.0,4,1,138.3,5,2,2,522,3,9
12370.0,51,4,1923.98,3,4,5,345,3,12
12371.0,60,1,1201.46,3,2,5,325,3,10
12372.0,72,3,663.54,2,4,4,244,3,10
12373.0,311,1,221.10000000000002,1,2,2,122,1,5
12374.0,25,1,479.71,4,2,3,423,3,9
12375.0,3,3,198.02,5,4,2,542,3,11
12377.0,315,2,1157.52,1,3,4,134,1,8
12378.0,130,1,3188.62,2,2,5,225,3,9
12379.0,82,3,658.29,2,4,4,244,3,10
12380.0,22,5,1500.8,4,4,5,445,3,13
12381.0,5,6,1212.11,5,5,5,555,3,15
12383.0,185,6,1057.79,1,5,4,154,1,10
12384.0,29,3,277.16,4,4,2,442,3,10
12386.0,367,1,144.3,1,2,2,122,1,5
12388.0,16,6,1465.66,4,5,5,455,3,14
12390.0,80,1,407.74,2,2,3,223,3,7
12391.0,22,1,406.88,4,2,3,423,3,9
12393.0,72,4,1193.5,2,4,5,245,3,11
12394.0,217,1,331.18,1,2,3,123,1,6
12395.0,16,15,1824.22,4,5,5,455,0,14
12397.0,36,2,1720.01,3,3,5,335,3,11
12398.0,46,1,1273.24,3,2,5,325,3,10
12399.0,119,4,684.6,2,4,4,244,3,10
12401.0,303,1,32.85,1,2,1,121,1,4
12402.0,323,1,195.6,1,2,2,122,1,5
12403.0,50,1,9.9,3,2,1,321,3,6
12405.0,149,1,708.57,2,2,4,224,1,8
12406.0,22,2,1646.22,4,3,5,435,3,12
12407.0,50,5,932.01,3,4,4,344,3,11
12408.0,33,8,1280.79,4,5,5,455,3,14
12409.0,79,7,146.89,2,5,2,252,3,9
12410.0,301,2,230.88,1,3,2,132,1,6
12412.0,75,3,820.5,2,4,4,244,3,10
12413.0,67,3,545.2,3,4,4,344,3,11
12414.0,217,3,174.45,1,4,2,142,1,7
12415.0,37,9,345.3,3,5,3,353,3,11
12417.0,3,11,2079.5,5,5,5,555,0,15
12418.0,113,1,314.21,2,2,3,223,3,7
12420.0,64,1,340.7,3,2,3,323,3,8
12421.0,16,5,606.8,4,4,4,444,3,12
12422.0,96,3,645.3100000000001,2,4,4,244,3,10
12423.0,1,9,1439.49,5,5,5,555,3,15
12424.0,163,2,233.92000000000002,2,3,2,232,1,7
12425.0,78,1,467.34,2,2,3,223,3,7
12426.0,195,1,446.08,1,2,3,123,1,6
12427.0,22,4,375.01,4,4,3,443,3,11
12428.0,26,11,3759.0,4,5,5,455,0,14
12429.0,9,4,1049.34,5,4,4,544,3,13
12430.0,43,1,129.0,3,2,1,321,3,6
12431.0,36,16,3017.51,3,5,5,355,0,13
12432.0,43,3,840.1800000000001,3,4,4,344,3,11
12433.0,1,7,4304.1,5,5,5,555,0,15
12434.0,85,4,501.24,2,4,3,243,3,9
12436.0,100,1,207.16000000000003,2,2,2,222,3,6
12437.0,2,18,2544.42,5,5,5,555,0,15
12438.0,14,2,1312.1200000000001,4,3,5,435,3,12
12441.0,367,1,155.55,1,2,2,122,1,5
12442.0,3,1,144.06,5,2,2,522,3,9
12444.0,21,5,2119.61,4,4,5,445,3,13
12445.0,22,1,77.4,4,2,1,421,3,7
12446.0,58,1,734.36,3,2,4,324,3,9
12447.0,243,1,379.78999999999996,1,2,3,123,1,6
12448.0,44,1,283.95,3,2,2,322,3,7
12449.0,22,4,2573.64,4,4,5,445,3,13
12450.0,156,2,131.88,2,3,1,231,1,6
12451.0,11,5,4307.89,5,4,5,545,0,14
12452.0,17,2,285.67,4,3,2,432,3,9
12453.0,134,1,707.09,2,2,4,224,3,8
12455.0,73,5,932.86,2,4,4,244,3,10
12456.0,44,4,1438.09,3,4,5,345,3,12
12457.0,58,4,815.93,3,4,4,344,3,11
12458.0,71,2,565.58,3,3,4,334,3,10
12461.0,155,1,419.08,2,2,3,223,1,7
12462.0,2,4,612.12,5,4,4,544,3,13
12463.0,53,6,1143.98,3,5,4,354,3,12
12464.0,150,4,76.5,2,4,1,241,1,7
12465.0,8,3,613.1899999999999,5,4,4,544,3,13
12468.0,143,3,499.69,2,4,3,243,3,9
12471.0,2,40,5443.22,5,5,5,555,0,15
12472.0,31,13,4350.79,4,5,5,455,0,14
12473.0,54,4,2113.09,3,4,5,345,3,12
12474.0,17,26,5749.07,4,5,5,455,0,14
12475.0,54,1,483.34000000000003,3,2,3,323,3,8
12476.0,1,17,2781.95,5,5,5,555,0,15
12477.0,23,9,3311.37,4,5,5,455,0,14
12478.0,4,1,479.59000000000003,5,2,3,523,3,10
12479.0,4,3,396.45,5,4,3,543,3,12
12480.0,28,4,2178.14,4,4,5,445,3,13
12481.0,23,10,2983.7,4,5,5,455,0,14
12483.0,17,10,1076.42,4,5,4,454,3,13
12484.0,35,5,3320.08,3,4,5,345,0,12
12488.0,10,3,700.64,5,4,4,544,3,13
12489.0,336,1,191.43,1,2,2,122,1,5
12490.0,5,10,3575.13,5,5,5,555,0,15
12491.0,39,1,350.75,3,2,3,323,3,8
12492.0,63,2,227.21,3,3,2,332,3,8
12493.0,166,2,332.91,2,3,3,233,1,8
12494.0,16,10,931.6500000000001,4,5,4,454,3,13
12497.0,82,1,20.4,2,2,1,221,3,5
12498.0,21,3,349.70000000000005,4,4,3,443,3,11
12500.0,36,8,296.84,3,5,3,353,3,11
12501.0,315,2,1816.95,1,3,5,135,1,9
12502.0,96,5,1403.6200000000001,2,4,5,245,3,11
12504.0,30,1,60.0,4,2,1,421,3,7
12505.0,301,1,-4.5,1,2,1,121,1,4
12506.0,233,1,57.6,1,2,1,121,1,4
12507.0,134,2,206.10000000000002,2,3,2,232,3,7
12508.0,26,2,397.88,4,3,3,433,3,10
12509.0,284,1,25.5,1,2,1,121,1,4
12510.0,143,2,467.65,2,3,3,233,3,8
12512.0,66,2,124.23,3,3,1,331,3,7
12513.0,113,1,520.04,2,2,3,223,3,7
12514.0,267,1,737.98,1,2,4,124,1,7
12515.0,353,1,190.8,1,2,2,122,1,5
12516.0,78,2,104.08,2,3,1,231,3,6
12517.0,28,4,2176.85,4,4,5,445,3,13
12518.0,1,5,1654.03,5,4,5,545,3,14
12519.0,64,1,242.84,3,2,2,322,3,7
12520.0,79,6,1994.24,2,5,5,255,3,12
12521.0,143,1,457.43,2,2,3,223,3,7
12522.0,39,2,152.72,3,3,2,332,3,8
12523.0,2,12,1231.6100000000001,5,5,5,555,3,15
12524.0,9,8,1484.01,5,5,5,555,3,15
12526.0,1,3,1074.46,5,4,4,544,3,13
12527.0,82,3,195.91000000000003,2,4,2,242,3,8
12528.0,9,8,971.83,5,5,4,554,3,14
12530.0,60,4,843.4200000000001,3,4,4,344,3,11
12531.0,15,1,95.27,4,2,1,421,3,7
12532.0,30,1,252.33,4,2,2,422,3,8
12534.0,131,1,828.73,2,2,4,224,3,8
12535.0,92,2,488.75,2,3,3,233,3,8
12536.0,8,2,3458.88,5,3,5,535,3,13
12538.0,29,1,258.75,4,2,2,422,3,8
12539.0,22,4,4017.4,4,4,5,445,0,13
12540.0,20,17,6031.14,4,5,5,455,0,14
12541.0,30,3,721.38,4,4,4,444,3,12
12544.0,36,1,284.9,3,2,2,322,3,7
12545.0,75,2,698.8,2,3,4,234,3,9
12546.0,47,2,969.58,3,3,4,334,3,10
12547.0,198,2,151.79999999999998,1,3,2,132,1,6
12548.0,166,1,67.19999999999999,2,2,1,221,1,5
12550.0,79,1,748.88,2,2,4,224,3,8
12551.0,358,1,168.0,1,2,2,122,1,5
12552.0,40,1,165.47,3,2,2,322,3,7
12553.0,8,12,2715.77,5,5,5,555,0,15
12556.0,50,2,513.66,3,3,3,333,3,9
12558.0,2,2,125.0,5,3,1,531,3,9
12559.0,320,1,210.96,1,2,2,122,1,5
12560.0,5,3,1459.82,5,4,5,545,3,14
12561.0,303,1,207.05,1,2,2,122,1,5
12562.0,8,7,2473.2200000000003,5,5,5,555,3,15
12564.0,261,1,336.15,1,2,3,123,1,6
12565.0,282,2,131.17,1,3,1,131,1,5
12566.0,73,2,217.18,2,3,2,232,3,7
12567.0,23,11,6442.75,4,5,5,455,0,14
12569.0,2,28,2345.09,5,5,5,555,0,15
12571.0,40,2,489.37,3,3,3,333,3,9
12572.0,9,3,647.92,5,4,4,544,3,13
12573.0,227,1,150.59,1,2,2,122,1,5
12574.0,316,1,162.55,1,2,2,122,1,5
12576.0,36,6,1216.46,3,5,5,355,3,13
12577.0,35,3,570.65,3,4,4,344,3,11
12578.0,21,4,1863.71,4,4,5,445,3,13
12579.0,73,2,317.42,2,3,3,233,3,8
12580.0,247,1,379.7,1,2,3,123,1,6
12581.0,40,1,169.76,3,2,2,322,3,7
12582.0,239,2,313.92,1,3,3,133,1,7
12583.0,3,16,2540.88,5,5,5,555,0,15
12584.0,4,16,652.4000000000001,5,5,4,554,0,14
12585.0,234,4,1149.01,1,4,4,144,1,9
12586.0,17,1,186.54000000000002,4,2,2,422,3,8
12587.0,8,1,20.8,5,2,1,521,3,8
12588.0,39,1,79.65,3,2,1,321,3,6
12589.0,29,2,417.28,4,3,3,433,3,10
12590.0,190,1,-2.88,1,2,1,121,1,4
12591.0,317,1,323.1,1,2,3,123,1,6
12592.0,92,2,350.6,2,3,3,233,3,8
12593.0,109,3,342.59999999999997,2,4,3,243,3,9
12594.0,47,7,1865.22,3,5,5,355,3,13
12596.0,51,2,288.27,3,3,3,333,3,9
12597.0,19,5,2484.93,4,4,5,445,3,13
12598.0,10,7,1739.01,5,5,5,555,3,15
12599.0,29,7,719.38,4,5,4,454,3,13
12600.0,29,9,603.92,4,5,4,454,3,13
12601.0,190,6,364.01,1,5,3,153,1,9
12602.0,59,1,129.22,3,2,1,321,3,6
12603.0,22,1,0.0,4,2,1,421,3,7
12604.0,79,2,236.18,2,3,2,232,3,7
12605.0,365,1,-7.5,1,2,1,121,1,4
12607.0,58,2,855.58,3,3,4,334,3,10
12609.0,78,3,846.11,2,4,4,244,3,10
12610.0,23,6,1384.39,4,5,5,455,3,14
12611.0,52,1,884.92,3,2,4,324,3,9
12612.0,58,2,209.0,3,3,2,332,3,8
12613.0,31,5,2495.1,4,4,5,445,3,13
12614.0,278,1,218.15,1,2,2,122,1,5
12615.0,2,4,1389.83,5,4,5,545,3,14
12616.0,95,3,368.54999999999995,2,4,3,243,3,9
12617.0,29,1,333.08,4,2,3,423,3,9
12618.0,22,1,121.41,4,2,1,421,3,7
12619.0,16,11,644.27,4,5,4,454,3,13
12620.0,15,3,1100.1399999999999,4,4,4,444,3,12
12621.0,2,21,6018.81,5,5,5,555,0,15
12622.0,232,1,123.85,1,2,1,121,1,4
12623.0,276,1,230.1,1,2,2,122,1,5
12624.0,106,2,492.78,2,3,3,233,3,8
12625.0,212,3,1025.42,1,4,4,144,1,9
12626.0,23,12,3892.02,4,5,5,455,0,14
12627.0,11,6,3314.0,5,5,5,555,0,15
12628.0,4,4,648.61,5,4,4,544,3,13
12630.0,10,2,905.08,5,3,4,534,3,12
12631.0,57,1,396.0,3,2,3,323,3,8
12633.0,59,5,1335.79,3,4,5,345,3,12
12635.0,90,2,1357.69,2,3,5,235,3,10
12637.0,67,9,4301.13,3,5,5,355,0,13
12638.0,33,1,498.25,3,2,3,323,3,8
12639.0,239,1,325.3,1,2,3,123,1,6
12640.0,25,2,549.77,4,3,4,434,3,11
12641.0,115,1,128.9,2,2,1,221,3,5
12642.0,25,3,558.25,4,4,4,444,3,12
12643.0,221,1,12.08,1,2,1,121,1,4
12644.0,130,1,417.12,2,2,3,223,3,7
12645.0,34,4,1044.78,3,4,4,344,3,11
12646.0,5,2,675.44,5,3,4,534,3,12
12647.0,22,12,1317.66,4,5,5,455,3,14
12648.0,155,1,255.3,2,2,2,222,1,6
12649.0,107,4,329.75,2,4,3,243,3,9
12650.0,3,1,147.64000000000001,5,2,2,522,3,9
12651.0,335,1,114.0,1,2,1,121,1,4
12652.0,322,2,680.03,1,3,4,134,1,8
12653.0,149,2,532.7,2,3,3,233,1,8
12654.0,11,5,499.33,5,4,3,543,3,12
12656.0,17,7,1617.25,4,5,5,455,3,14
12657.0,11,3,523.4,5,4,3,543,3,12
12658.0,19,1,495.8,4,2,3,423,3,9
12659.0,30,1,45.6,4,2,1,421,3,7
12660.0,11,1,203.7,5,2,2,522,3,9
12662.0,1,12,3232.53,5,5,5,555,0,15
12664.0,87,3,108.0,2,4,1,241,3,7
12665.0,325,2,43.75,1,3,1,131,1,5
12667.0,58,1,410.23,3,2,3,323,3,8
12668.0,7,6,2179.63,5,5,5,555,3,15
12669.0,151,2,1319.92,2,3,5,235,3,10
12670.0,10,6,1204.27,5,5,5,555,3,15
12672.0,330,1,118.05,1,2,1,121,1,4
12673.0,5,2,420.62,5,3,3,533,3,11
12674.0,12,6,1163.56,5,5,5,555,3,15
12676.0,25,6,749.39,4,5,4,454,3,13
12678.0,43,7,424.19,3,5,3,353,3,11
12679.0,52,6,595.46,3,5,4,354,3,12
12680.0,1,4,736.97,5,4,4,544,3,13
12681.0,15,25,7731.0,4,5,5,455,0,14
12682.0,4,30,7171.37,5,5,5,555,0,15
12683.0,4,16,4530.48,5,5,5,555,0,15
12684.0,8,6,1332.3899999999999,5,5,5,555,3,15
12685.0,28,6,2237.25,4,5,5,455,3,14
12686.0,372,1,71.14,1,2,1,121,1,4
12688.0,114,1,1974.8,2,2,5,225,3,9
12689.0,26,2,937.65,4,3,4,434,3,11
12690.0,206,1,265.11,1,2,2,122,1,5
12691.0,58,4,402.8,3,4,3,343,3,10
12693.0,127,5,461.51,2,4,3,243,3,9
12694.0,70,2,400.82,3,3,3,333,3,9
12695.0,7,4,232.16,5,4,2,542,3,11
12697.0,21,5,583.89,4,4,4,444,3,12
12700.0,8,4,3561.64,5,4,5,545,0,14
12701.0,80,2,652.45,2,3,4,234,3,9
12702.0,20,1,201.0,4,2,2,422,3,8
12703.0,64,2,256.7,3,3,2,332,3,8
12704.0,7,7,1013.8199999999999,5,5,4,554,3,14
12705.0,15,13,4371.99,4,5,5,455,0,14
12707.0,292,1,375.82,1,2,3,123,1,6
12708.0,30,16,1968.27,4,5,5,455,0,14
12709.0,3,23,2097.88,5,5,5,555,0,15
12710.0,97,3,909.8199999999999,2,4,4,244,3,10
12712.0,29,14,1489.63,4,5,5,455,0,14
12713.0,1,1,628.5,5,2,4,524,3,11
12714.0,9,5,3494.55,5,4,5,545,0,14
12715.0,106,1,263.36,2,2,2,222,3,6
12716.0,4,2,912.91,5,3,4,534,3,12
12717.0,151,2,774.03,2,3,4,234,1,9
12718.0,71,1,182.35,3,2,2,322,3,7
12719.0,5,3,497.1,5,4,3,543,3,12
12720.0,3,27,4276.53,5,5,5,555,0,15
12721.0,32,7,2054.14,4,5,5,455,3,14
12722.0,115,2,666.7,2,3,4,234,3,9
12723.0,4,4,519.13,5,4,3,543,3,12
12724.0,5,4,834.01,5,4,4,544,3,13
12725.0,371,1,371.8,1,2,3,123,1,6
12726.0,28,7,1411.5,4,5,5,455,3,14
12727.0,11,8,1702.7,5,5,5,555,3,15
12728.0,71,4,525.73,3,4,3,343,3,10
12729.0,114,1,360.71000000000004,2,2,3,223,3,7
12731.0,24,11,2401.83,4,5,5,455,0,14
12732.0,180,1,178.26000000000002,1,2,2,122,1,5
12733.0,234,1,276.85,1,2,2,122,1,5
12734.0,353,1,16.8,1,2,1,121,1,4
12735.0,315,2,375.07,1,3,3,133,1,7
12738.0,372,1,110.4,1,2,1,121,1,4
12739.0,99,1,456.59999999999997,2,2,3,223,3,7
12740.0,64,1,344.8,3,2,3,323,3,8
12743.0,134,2,418.93,2,3,3,233,3,8
12744.0,56,4,1843.94,3,4,5,345,3,12
12747.0,2,11,1328.29,5,5,5,555,3,15
12748.0,1,198,18949.02,5,5,5,555,2,15
12749.0,4,7,2469.73,5,5,5,555,3,15
12750.0,129,1,144.3,2,2,2,222,3,6
12752.0,81,1,164.6,2,2,2,222,3,6
12753.0,4,9,-13.850000000000003,5,5,1,551,3,11
12754.0,277,2,61.62,1,3,1,131,1,5
12755.0,281,1,7.6,1,2,1,121,1,4
12756.0,87,1,50.879999999999995,2,2,1,221,3,5
12757.0,16,8,2872.65,4,5,5,455,0,14
12758.0,117,2,1032.03,2,3,4,234,3,9
12759.0,52,3,1279.09,3,4,5,345,3,12
12762.0,8,2,901.07,5,3,4,534,3,12
12763.0,369,1,260.08,1,2,2,122,1,5
12764.0,317,1,500.33000000000004,1,2,3,123,1,6
12766.0,4,7,4820.8,5,5,5,555,0,15
12769.0,239,1,317.34000000000003,1,2,3,123,1,6
12772.0,60,1,615.3199999999999,3,2,4,324,3,9
12775.0,17,5,855.14,4,4,4,444,3,12
12778.0,20,6,492.49,4,5,3,453,3,12
12779.0,21,11,1936.52,4,5,5,455,0,14
12781.0,21,3,235.64,4,4,2,442,3,10
12782.0,5,6,1513.57,5,5,5,555,3,15
12783.0,2,4,1011.3000000000001,5,4,4,544,3,13
12784.0,15,1,455.46999999999997,4,2,3,423,3,9
12785.0,3,2,190.76,5,3,2,532,3,10
12787.0,10,3,274.66,5,4,2,542,3,11
12790.0,192,1,199.42000000000002,1,2,2,122,1,5
12792.0,257,1,329.59,1,2,3,123,1,6
12793.0,335,2,395.48,1,3,3,133,1,7
12794.0,53,2,698.31,3,3,4,334,3,10
12795.0,19,1,144.63,4,2,2,422,3,8
12797.0,360,3,146.28,1,4,2,142,1,7
12802.0,184,2,382.58,1,3,3,133,1,7
12808.0,37,3,445.7,3,4,3,343,3,10
12809.0,168,2,338.46000000000004,2,3,3,233,1,8
12811.0,262,2,416.55,1,3,3,133,1,7
12812.0,45,1,229.64000000000001,3,2,2,322,3,7
12815.0,148,2,648.0600000000001,2,3,4,234,1,9
12816.0,96,2,265.90000000000003,2,3,2,232,3,7
12817.0,281,1,27.04,1,2,1,121,1,4
12818.0,178,2,72.65,2,3,1,231,1,6
12820.0,3,4,885.82,5,4,4,544,3,13
12821.0,214,1,75.72,1,2,1,121,1,4
12822.0,71,2,743.28,3,3,4,334,3,10
12824.0,60,1,316.42,3,2,3,323,3,8
12826.0,3,8,1454.2,5,5,5,555,3,15
12827.0,6,3,385.6,5,4,3,543,3,12
12828.0,3,6,871.51,5,5,4,554,3,14
12829.0,337,1,28.5,1,2,1,121,1,4
12831.0,262,1,82.75,1,2,1,121,1,4
12832.0,32,2,366.53,4,3,3,433,3,10
12833.0,145,1,307.03000000000003,2,2,3,223,1,7
12834.0,283,1,201.08,1,2,2,122,1,5
12836.0,59,4,1390.1100000000001,3,4,5,345,3,12
12837.0,173,1,58.75,2,2,1,221,1,5
12838.0,34,2,575.3000000000001,3,3,4,334,3,10
12839.0,3,16,4770.87,5,5,5,555,0,15
12840.0,144,6,2438.67,2,5,5,255,3,12
12841.0,5,26,3004.77,5,5,5,555,0,15
12842.0,70,2,419.71000000000004,3,3,3,333,3,9
12843.0,160,8,1092.99,2,5,4,254,1,11
12844.0,29,2,325.96000000000004,4,3,3,433,3,10
12845.0,269,2,54.79,1,3,1,131,1,5
12847.0,22,1,435.49,4,2,3,423,3,9
12849.0,31,2,470.89,4,3,3,433,3,10
12851.0,97,1,104.91,2,2,1,221,3,5
12852.0,290,2,252.35000000000002,1,3,2,132,1,6
12853.0,135,7,1023.0,2,5,4,254,3,11
12854.0,79,5,917.49,2,4,4,244,3,10
12855.0,373,1,38.1,1,2,1,121,1,4
12856.0,8,7,1905.6100000000001,5,5,5,555,3,15
12857.0,211,2,735.6,1,3,4,134,1,8
12863.0,52,1,49.8,3,2,1,321,3,6
12864.0,138,1,10.2,2,2,1,221,3,5
12865.0,26,2,1355.82,4,3,5,435,3,12
12866.0,283,1,344.92,1,2,3,123,1,6
12867.0,26,10,3437.29,4,5,5,455,0,14
12868.0,186,6,1534.71,1,5,5,155,1,11
12870.0,366,1,-4.95,1,2,1,121,1,4
12871.0,84,2,120.53999999999999,2,3,1,231,3,6
12872.0,327,2,465.82,1,3,3,133,1,7
12876.0,58,2,958.42,3,3,4,334,3,10
12877.0,4,11,1175.71,5,5,5,555,3,15
12878.0,18,3,825.74,4,4,4,444,3,12
12879.0,45,3,42.21000000000001,3,4,1,341,3,8
12881.0,276,1,69.0,1,2,1,121,1,4
12883.0,25,4,527.87,4,4,3,443,3,11
12884.0,88,1,107.25,2,2,1,221,3,5
12885.0,63,3,930.42,3,4,4,344,3,11
12886.0,68,3,1042.0,3,4,4,344,3,11
12888.0,221,2,14.700000000000003,1,3,1,131,1,5
12890.0,24,1,316.63,4,2,3,423,3,9
12893.0,31,1,176.55,4,2,2,422,3,8
12895.0,42,3,326.55,3,4,3,343,3,10
12897.0,205,1,29.700000000000003,1,2,1,121,1,4
12901.0,10,13,516.25,5,5,3,553,3,13
12902.0,265,1,87.78,1,2,1,121,1,4
12904.0,18,2,338.21,4,3,3,433,3,10
12906.0,12,3,449.62,5,4,3,543,3,12
12909.0,40,8,985.34,3,5,4,354,3,12
12910.0,23,6,766.0,4,5,4,454,3,13
12912.0,8,2,46.8,5,3,1,531,3,9
12913.0,5,5,351.05,5,4,3,543,3,12
12915.0,149,2,201.05,2,3,2,232,1,7
12916.0,139,5,1326.85,2,4,5,245,3,11
12919.0,8,6,762.41,5,5,4,554,3,14
12920.0,17,1,106.89,4,2,1,421,3,7
12921.0,9,49,10753.1,5,5,5,555,0,15
12922.0,161,1,377.3,2,2,3,223,1,7
12923.0,64,1,152.92,3,2,2,322,3,7
12924.0,88,5,128.95,2,4,1,241,3,7
12925.0,5,2,636.13,5,3,4,534,3,12
12928.0,35,5,1380.74,3,4,5,345,3,12
12929.0,312,1,70.95,1,2,1,121,1,4
12930.0,78,4,383.71000000000004,2,4,3,243,3,9
12931.0,67,2,48.160000000000004,3,3,1,331,3,7
12933.0,24,4,464.22,4,4,3,443,3,11
12935.0,2,8,1847.3,5,5,5,555,3,15
12936.0,17,3,616.3,4,4,4,444,3,12
12937.0,15,4,1233.1200000000001,4,4,5,445,3,13
12938.0,26,1,100.22,4,2,1,421,3,7
12940.0,55,3,506.07,3,4,3,343,3,10
12942.0,131,3,496.7,2,4,3,243,3,9
12943.0,301,1,-3.75,1,2,1,121,1,4
12944.0,36,2,519.81,3,3,3,333,3,9
12945.0,288,1,264.25,1,2,2,122,1,5
12947.0,144,6,1145.84,2,5,4,254,3,11
12948.0,16,8,1796.51,4,5,5,455,3,14
12949.0,31,10,3414.84,4,5,5,455,0,14
12950.0,8,2,117.8,5,3,1,531,3,9
12951.0,9,7,965.62,5,5,4,554,3,14
12952.0,6,5,1053.31,5,4,4,544,3,13
12953.0,10,1,192.45000000000002,5,2,2,522,3,9
12955.0,1,13,2541.7,5,5,5,555,0,15
12956.0,306,1,74.67,1,2,1,121,1,4
12957.0,4,11,3431.89,5,5,5,555,0,15
12962.0,7,2,240.89000000000001,5,3,2,532,3,10
12963.0,8,9,1458.81,5,5,5,555,3,15
12965.0,89,1,595.61,2,2,4,224,3,8
12966.0,10,1,147.68,5,2,2,522,3,9
12967.0,3,2,42.95,5,3,1,531,3,9
12968.0,112,1,64.8,2,2,1,221,3,5
12970.0,7,4,310.05,5,4,3,543,3,12
12971.0,4,75,3183.27,5,5,5,555,0,15
12974.0,198,1,77.15,1,2,1,121,1,4
12976.0,212,1,303.6,1,2,3,123,1,6
12977.0,156,1,10.74,2,2,1,221,1,5
12980.0,183,1,-3.39,1,2,1,121,1,4
12981.0,30,2,372.21999999999997,4,3,3,433,3,10
12982.0,240,2,363.15999999999997,1,3,3,133,1,7
12984.0,19,1,97.5,4,2,1,421,3,7
12985.0,1,2,903.56,5,3,4,534,3,12
12987.0,74,3,386.7,2,4,3,243,3,9
12988.0,292,1,301.17,1,2,3,123,1,6
12989.0,9,7,122.23,5,5,1,551,3,11
12990.0,31,2,143.0,4,3,2,432,3,9
12991.0,23,2,461.26,4,3,3,433,3,10
12993.0,23,4,414.76,4,4,3,443,3,11
12994.0,4,5,723.07,5,4,4,544,3,13
12995.0,78,1,-10.6,2,2,1,221,3,5
12997.0,22,7,803.54,4,5,4,454,3,13
12999.0,205,2,273.78,1,3,2,132,1,6
13000.0,260,2,382.16,1,3,3,133,1,7
13001.0,4,15,4816.54,5,5,5,555,0,15
13002.0,318,1,110.99999999999999,1,2,1,121,1,4
13003.0,151,2,89.05000000000001,2,3,1,231,1,6
13004.0,12,21,5097.48,5,5,5,555,0,15
13005.0,174,3,318.35,2,4,3,243,1,9
13006.0,56,1,11.52,3,2,1,321,3,6
13008.0,323,1,229.46999999999997,1,2,2,122,1,5
13011.0,372,1,50.550000000000004,1,2,1,121,1,4
13012.0,9,10,1230.96,5,5,5,555,3,15
13013.0,1,14,3278.4,5,5,5,555,0,15
13014.0,3,16,1208.48,5,5,5,555,0,15
13015.0,53,5,2590.27,3,4,5,345,3,12
13016.0,73,3,709.34,2,4,4,244,3,10
13018.0,16,28,6269.69,4,5,5,455,0,14
13021.0,4,11,1434.0900000000001,5,5,5,555,3,15
13023.0,64,2,439.86,3,3,3,333,3,9
13026.0,1,5,287.28,5,4,3,543,3,12
13028.0,23,3,611.8,4,4,4,444,3,12
13029.0,31,2,116.5,4,3,1,431,3,8
13030.0,11,2,514.84,5,3,3,533,3,11
13032.0,39,3,722.27,3,4,4,344,3,11
13033.0,357,1,190.55,1,2,2,122,1,5
13034.0,55,2,627.82,3,3,4,334,3,10
13035.0,58,3,339.15000000000003,3,4,3,343,3,10
13037.0,138,3,562.77,2,4,4,244,3,10
13038.0,80,3,366.76,2,4,3,243,3,9
13040.0,9,2,676.99,5,3,4,534,3,12
13043.0,273,1,94.7,1,2,1,121,1,4
13044.0,291,1,391.72,1,2,3,123,1,6
13045.0,99,1,222.08,2,2,2,222,3,6
13046.0,31,2,419.11,4,3,3,433,3,10
13047.0,32,17,2437.4700000000003,4,5,5,455,0,14
13048.0,14,4,1705.1100000000001,4,4,5,445,3,13
13049.0,318,1,153.78,1,2,2,122,1,5
13050.0,9,25,4533.4800000000005,5,5,5,555,0,15
13052.0,212,1,129.8,1,2,1,121,1,4
13055.0,64,4,1091.61,3,4,4,344,3,11
13058.0,58,2,137.70000000000002,3,3,2,332,3,8
13059.0,250,1,85.65,1,2,1,121,1,4
13060.0,254,1,182.73000000000002,1,2,2,122,1,5
13061.0,72,1,98.76,2,2,1,221,3,5
13062.0,191,1,65.69999999999999,1,2,1,121,1,4
13064.0,13,4,775.22,4,4,4,444,3,12
13065.0,373,1,138.41,1,2,2,122,1,5
13066.0,24,2,372.75,4,3,3,433,3,10
13067.0,82,1,91.61,2,2,1,221,3,5
13069.0,1,26,2882.53,5,5,5,555,0,15
13070.0,192,1,145.6,1,2,2,122,1,5
13072.0,267,1,177.15,1,2,2,122,1,5
13075.0,130,1,226.61,2,2,2,222,3,6
13077.0,1,4,510.85,5,4,3,543,3,12
13078.0,1,40,3135.36,5,5,5,555,0,15
13079.0,4,5,124.9,5,4,1,541,3,10
13080.0,179,1,58.08,2,2,1,221,1,5
13081.0,1,17,13084.69,5,5,5,555,0,15
13082.0,126,9,798.45,2,5,4,254,3,11
13083.0,4,2,235.8,5,3,2,532,3,10
13085.0,158,3,179.88,2,4,2,242,1,8
13089.0,4,87,23766.510000000002,5,5,5,555,2,15
13090.0,9,12,1475.2,5,5,5,555,0,15
13091.0,21,2,236.93,4,3,2,432,3,9
13092.0,71,5,266.61,3,4,2,342,3,9
13093.0,276,11,1336.42,1,5,5,155,1,11
13094.0,186,3,-12.72,1,4,1,141,1,6
13095.0,71,1,60.48,3,2,1,321,3,6
13097.0,33,14,3572.03,3,5,5,355,0,13
13098.0,1,35,4393.349999999999,5,5,5,555,0,15
13101.0,234,1,65.5,1,2,1,121,1,4
13102.0,1,27,3977.87,5,5,5,555,0,15
13103.0,40,1,100.24,3,2,1,321,3,6
13104.0,3,4,183.95999999999998,5,4,2,542,3,11
13107.0,44,5,713.83,3,4,4,344,3,11
13108.0,373,1,95.3,1,2,1,121,1,4
13109.0,3,5,692.5,5,4,4,544,3,13
13110.0,31,7,931.62,4,5,4,454,3,13
13113.0,1,33,1320.47,5,5,5,555,0,15
13115.0,9,13,1842.51,5,5,5,555,0,15
13116.0,138,1,291.29,2,2,3,223,3,7
13117.0,22,8,840.7,4,5,4,454,3,13
13118.0,20,6,719.37,4,5,4,454,3,13
13120.0,239,1,30.599999999999998,1,2,1,121,1,4
13121.0,269,2,231.35999999999999,1,3,2,132,1,6
13122.0,240,1,821.1,1,2,4,124,1,7
13124.0,90,3,2709.57,2,4,5,245,3,11
13126.0,5,8,1689.97,5,5,5,555,3,15
13127.0,78,1,259.17,2,2,2,222,3,6
13130.0,94,1,25.0,2,2,1,221,3,5
13131.0,23,3,604.3,4,4,4,444,3,12
13132.0,262,1,15.299999999999999,1,2,1,121,1,4
13133.0,274,2,79.95,1,3,1,131,1,5
13134.0,73,7,1303.49,2,5,5,255,3,12
13136.0,50,11,2112.23,3,5,5,355,0,13
13137.0,11,8,3467.17,5,5,5,555,0,15
13138.0,22,6,946.49,4,5,4,454,3,13
13139.0,16,7,1860.77,4,5,5,455,3,14
13140.0,108,3,348.67,2,4,3,243,3,9
13141.0,85,6,2008.58,2,5,5,255,3,12
13142.0,19,1,215.92,4,2,2,422,3,8
13144.0,333,1,47.2,1,2,1,121,1,4
13145.0,87,2,11.25,2,3,1,231,3,6
13146.0,26,1,132.91,4,2,1,421,3,7
13148.0,29,16,2549.81,4,5,5,455,0,14
13149.0,14,4,1013.28,4,4,4,444,3,12
13151.0,203,2,765.77,1,3,4,134,1,8
13153.0,6,1,140.46,5,2,2,522,3,9
13155.0,33,4,796.26,3,4,4,344,3,11
13157.0,49,5,1355.23,3,4,5,345,3,12
13158.0,95,4,1193.5,2,4,5,245,3,11
13159.0,9,4,1141.09,5,4,4,544,3,13
13160.0,22,1,75.89999999999999,4,2,1,421,3,7
13161.0,313,1,95.75,1,2,1,121,1,4
13162.0,122,5,926.45,2,4,4,244,3,10
13165.0,46,2,349.28,3,3,3,333,3,9
13166.0,282,2,347.1,1,3,3,133,1,7
13167.0,19,4,482.15999999999997,4,4,3,443,3,11
13168.0,36,5,982.04,3,4,4,344,3,11
13169.0,64,2,165.5,3,3,2,332,3,8
13170.0,27,1,101.97,4,2,1,421,3,7
13171.0,22,3,261.51,4,4,2,442,3,10
13173.0,4,2,340.21,5,3,3,533,3,11
13174.0,16,3,1952.29,4,4,5,445,3,13
13176.0,46,1,337.43,3,2,3,323,3,8
13177.0,65,1,282.45,3,2,2,322,3,7
13178.0,26,11,4355.59,4,5,5,455,0,14
13182.0,45,1,121.18,3,2,1,321,3,6
13183.0,37,7,761.25,3,5,4,354,3,12
13184.0,15,10,1346.07,4,5,5,455,3,14
13186.0,40,5,1184.46,3,4,5,345,3,12
13187.0,337,1,154.02,1,2,2,122,1,5
13189.0,19,2,167.28,4,3,2,432,3,9
13192.0,95,2,859.14,2,3,4,234,3,9
13193.0,61,1,95.13,3,2,1,321,3,6
13194.0,136,1,60.7,2,2,1,221,3,5
13196.0,11,4,1650.93,5,4,5,545,3,14
13198.0,10,7,3133.35,5,5,5,555,0,15
13199.0,8,15,535.18,5,5,3,553,3,13
13200.0,22,3,561.37,4,4,4,444,3,12
13203.0,10,4,759.08,5,4,4,544,3,13
13207.0,15,2,178.86,4,3,2,432,3,9
13208.0,59,6,1022.35,3,5,4,354,3,12
13209.0,30,9,4275.06,4,5,5,455,0,14
13210.0,94,1,293.0,2,2,3,223,3,7
13211.0,10,3,443.82,5,4,3,543,3,12
13212.0,9,4,519.98,5,4,3,543,3,12
13213.0,57,6,1016.93,3,5,4,354,3,12
13216.0,268,1,10.5,1,2,1,121,1,4
13217.0,143,1,-3.4,2,2,1,221,1,5
13218.0,127,1,56.76,2,2,1,221,3,5
13220.0,78,2,132.84,2,3,1,231,3,6
13221.0,240,2,511.31,1,3,3,133,1,7
13223.0,200,1,62.4,1,2,1,121,1,4
13224.0,60,3,1223.22,3,4,5,345,3,12
13226.0,273,1,85.51,1,2,1,121,1,4
13227.0,202,1,90.0,1,2,1,121,1,4
13229.0,226,1,123.15,1,2,1,121,1,4
13230.0,4,14,2036.45,5,5,5,555,0,15
13232.0,13,7,969.91,4,5,4,454,3,13
13233.0,74,2,430.4,2,3,3,233,3,8
13235.0,212,1,751.77,1,2,4,124,1,7
13236.0,25,3,493.63,4,4,3,443,3,11
13238.0,23,3,493.68,4,4,3,443,3,11
13239.0,262,1,247.57,1,2,2,122,1,5
13240.0,96,4,616.7,2,4,4,244,3,10
13242.0,112,3,270.40000000000003,2,4,2,242,3,8
13243.0,203,1,480.02000000000004,1,2,3,123,1,6
13244.0,93,1,94.79,2,2,1,221,3,5
13245.0,51,1,259.85,3,2,2,322,3,7
13246.0,18,6,771.73,4,5,4,454,3,13
13247.0,22,3,333.6,4,4,3,443,3,11
13248.0,125,2,434.21,2,3,3,233,3,8
13249.0,93,1,82.23,2,2,1,221,3,5
13253.0,157,2,278.15999999999997,2,3,2,232,1,7
13255.0,4,3,139.81,5,4,2,542,3,11
13258.0,12,3,399.28,5,4,3,543,3,12
13259.0,62,1,249.18,3,2,2,322,3,7
13260.0,61,1,82.32000000000001,3,2,1,321,3,6
13262.0,263,1,132.29,1,2,1,121,1,4
13263.0,1,34,6597.86,5,5,5,555,0,15
13265.0,53,5,1103.16,3,4,4,344,3,11
13266.0,11,18,2237.74,5,5,5,555,0,15
13267.0,3,24,3062.98,5,5,5,555,0,15
13268.0,18,14,2783.61,4,5,5,455,0,14
13269.0,1,17,3818.57,5,5,5,555,0,15
13271.0,37,2,192.77,3,3,2,332,3,8
13272.0,31,2,205.66000000000003,4,3,2,432,3,9
13273.0,113,1,128.54,2,2,1,221,3,5
13276.0,64,2,377.08,3,3,3,333,3,9
13277.0,16,3,159.4,4,4,2,442,3,10
13278.0,41,1,459.86,3,2,3,323,3,8
13279.0,64,2,126.30000000000001,3,3,1,331,3,7
13280.0,122,3,723.45,2,4,4,244,3,10
13282.0,18,4,346.39,4,4,3,443,3,11
13283.0,60,2,93.66,3,3,1,331,3,7
13284.0,323,2,143.7,1,3,2,132,1,6
13285.0,23,4,2566.02,4,4,5,445,3,13
13291.0,156,1,338.41,2,2,3,223,1,7
13292.0,39,2,378.84999999999997,3,3,3,333,3,9
13294.0,190,2,726.39,1,3,4,134,1,8
13295.0,360,2,165.05,1,3,2,132,1,6
13296.0,137,1,53.4,2,2,1,221,3,5
13297.0,8,4,883.1,5,4,4,544,3,13
13299.0,268,1,82.80000000000001,1,2,1,121,1,4
13300.0,165,2,365.29,2,3,3,233,1,8
13301.0,104,4,507.74,2,4,3,243,3,9
13304.0,351,1,244.85000000000002,1,2,2,122,1,5
13305.0,4,10,910.21,5,5,4,554,3,14
13307.0,120,1,15.0,2,2,1,221,3,5
13308.0,23,4,867.07,4,4,4,444,3,12
13309.0,7,5,1349.28,5,4,5,545,3,14
13310.0,9,6,980.08,5,5,4,554,3,14
13311.0,4,2,218.5,5,3,2,532,3,10
13313.0,22,5,1269.1200000000001,4,4,5,445,3,13
13314.0,2,4,609.11,5,4,4,544,3,13
13316.0,37,3,173.69,3,4,2,342,3,9
13317.0,66,8,1639.57,3,5,5,355,3,13
13318.0,1,3,216.57999999999998,5,4,2,542,3,11
13319.0,5,36,7591.26,5,5,5,555,0,15
13320.0,70,6,1498.6,3,5,5,355,3,13
13321.0,86,1,175.64,2,2,2,222,3,6
13322.0,17,1,154.48000000000002,4,2,2,422,3,8
13323.0,3,5,313.55,5,4,3,543,3,12
13324.0,36,2,82.80000000000001,3,3,1,331,3,7
13325.0,82,1,89.3,2,2,1,221,3,5
13327.0,39,9,1191.64,3,5,5,355,3,13
13328.0,316,1,175.68,1,2,2,122,1,5
13329.0,32,2,155.58,4,3,2,432,3,9
13330.0,93,3,882.18,2,4,4,244,3,10
13332.0,14,1,338.4,4,2,3,423,3,9
13334.0,82,3,2987.87,2,4,5,245,3,11
13336.0,77,1,752.8000000000001,2,2,4,224,3,8
13338.0,154,2,158.22,2,3,2,232,1,7
13339.0,201,1,664.42,1,2,4,124,1,7
13340.0,45,6,652.51,3,5,4,354,3,12
13341.0,261,1,603.55,1,2,4,124,1,7
13343.0,173,2,279.43,2,3,2,232,1,7
13344.0,68,3,1684.29,3,4,5,345,3,12
13345.0,277,2,297.75,1,3,3,133,1,7
13347.0,70,1,30.0,3,2,1,321,3,6
13348.0,64,1,233.76,3,2,2,322,3,7
13349.0,11,1,197.32,5,2,2,522,3,9
13350.0,16,2,418.77,4,3,3,433,3,10
13351.0,66,1,323.94,3,2,3,323,3,8
13352.0,8,2,307.47999999999996,5,3,3,533,3,11
13354.0,71,1,645.31,3,2,4,324,3,9
13355.0,122,1,516.0,2,2,3,223,3,7
13356.0,80,1,548.59,2,2,4,224,3,8
13357.0,257,1,491.6,1,2,3,123,1,6
13358.0,269,1,304.71,1,2,3,123,1,6
13359.0,59,2,298.76,3,3,3,333,3,9
13362.0,3,5,2443.79,5,4,5,545,3,14
13363.0,18,2,834.89,4,3,4,434,3,11
13364.0,67,2,42.36,3,3,1,331,3,7
13365.0,9,3,1702.57,5,4,5,545,3,14
13368.0,257,2,430.18,1,3,3,133,1,7
13369.0,354,2,153.85000000000002,1,3,2,132,1,6
13370.0,366,2,588.2,1,3,4,134,1,8
13372.0,90,1,290.04,2,2,3,223,3,7
13373.0,61,3,2198.62,3,4,5,345,3,12
13375.0,81,2,601.4300000000001,2,3,4,234,3,9
13376.0,99,3,834.3100000000001,2,4,4,244,3,10
13379.0,26,3,521.36,4,4,3,443,3,11
13381.0,21,7,2603.05,4,5,5,455,3,14
13382.0,281,1,197.14000000000001,1,2,2,122,1,5
13384.0,31,8,2284.36,4,5,5,455,3,14
13385.0,330,1,403.07,1,2,3,123,1,6
13388.0,131,2,452.35,2,3,3,233,3,8
13389.0,11,3,700.66,5,4,4,544,3,13
13390.0,75,1,185.88,2,2,2,222,3,6
13394.0,2,10,1912.29,5,5,5,555,0,15
13395.0,185,1,251.28,1,2,2,122,1,5
13396.0,22,4,514.62,4,4,3,443,3,11
13397.0,73,5,426.69,2,4,3,243,3,9
13398.0,192,1,383.57,1,2,3,123,1,6
13402.0,127,2,483.73,2,3,3,233,3,8
13403.0,18,1,30.0,4,2,1,421,3,7
13404.0,1,2,188.74,5,3,2,532,3,10
13405.0,74,3,363.351,2,4,3,243,3,9
13408.0,2,52,3337.6,5,5,5,555,0,15
13410.0,9,6,234.19,5,5,2,552,3,12
13411.0,107,1,203.60000000000002,2,2,2,222,3,6
13414.0,134,2,392.58,2,3,3,233,3,8
13416.0,44,2,202.70000000000002,3,3,2,332,3,8
13417.0,5,2,290.48,5,3,3,533,3,11
13418.0,12,22,3358.96,5,5,5,555,0,15
13419.0,64,1,221.06,3,2,2,322,3,7
13420.0,135,3,85.5,2,4,1,241,3,7
13421.0,40,3,1252.54,3,4,5,345,3,12
13422.0,64,1,2093.04,3,2,5,325,3,10
13425.0,108,3,1017.85,2,4,4,244,3,10
13426.0,1,10,1636.07,5,5,5,555,3,15
13427.0,19,3,318.94,4,4,3,443,3,11
13428.0,10,1,168.38,5,2,2,522,3,9
13429.0,11,4,724.09,5,4,4,544,3,13
13430.0,19,4,543.49,4,4,4,444,3,12
13431.0,67,2,653.4,3,3,4,334,3,10
13434.0,74,2,128.64000000000001,2,3,1,231,3,6
13435.0,5,9,640.22,5,5,4,554,3,14
13436.0,2,1,113.53999999999999,5,2,1,521,3,8
13437.0,14,7,2162.6,4,5,5,455,3,14
13439.0,255,1,273.27,1,2,2,122,1,5
13441.0,92,1,148.16,2,2,2,222,3,6
13447.0,23,4,816.1700000000001,4,4,4,444,3,12
13448.0,17,8,2310.65,4,5,5,455,3,14
13449.0,24,1,291.88,4,2,3,423,3,9
13450.0,27,6,898.68,4,5,4,454,3,13
13451.0,26,5,2608.66,4,4,5,445,3,13
13453.0,166,2,205.98,2,3,2,232,1,7
13455.0,25,3,630.9,4,4,4,444,3,12
13456.0,18,5,853.4200000000001,4,4,4,444,3,12
13458.0,7,21,5933.96,5,5,5,555,0,15
13460.0,29,2,183.44,4,3,2,432,3,9
13461.0,39,2,82.2,3,3,1,331,3,7
13462.0,253,1,135.0,1,2,2,122,1,5
13464.0,58,1,606.73,3,2,4,324,3,9
13466.0,184,1,197.70000000000002,1,2,2,122,1,5
13467.0,11,2,820.41,5,3,4,534,3,12
13468.0,2,39,3446.4700000000003,5,5,5,555,0,15
13470.0,99,2,165.0,2,3,2,232,3,7
13471.0,1,4,2165.64,5,4,5,545,3,14
13473.0,61,3,237.26,3,4,2,342,3,9
13474.0,236,1,185.24,1,2,2,122,1,5
13475.0,191,4,1115.66,1,4,4,144,1,9
13476.0,179,2,697.67,2,3,4,234,1,9
13477.0,38,7,1158.87,3,5,4,354,3,12
13479.0,201,2,221.55,1,3,2,132,1,6
13481.0,46,8,1610.91,3,5,5,355,3,13
13482.0,232,1,184.64,1,2,2,122,1,5
13483.0,66,1,140.34,3,2,2,322,3,7
13485.0,233,1,284.04,1,2,2,122,1,5
13486.0,78,3,959.95,2,4,4,244,3,10
13487.0,58,3,361.1,3,4,3,343,3,10
13488.0,17,16,6148.68,4,5,5,455,0,14
13489.0,158,2,128.64,2,3,1,231,1,6
13491.0,52,10,943.34,3,5,4,354,3,12
13492.0,136,3,594.24,2,4,4,244,3,10
13493.0,287,1,14.850000000000001,1,2,1,121,1,4
13494.0,312,1,296.1,1,2,3,123,1,6
13495.0,8,6,597.57,5,5,4,554,3,14
13496.0,11,2,492.83,5,3,3,533,3,11
13497.0,283,2,348.05,1,3,3,133,1,7
13499.0,29,6,452.54,4,5,3,453,3,12
13500.0,23,4,941.2,4,4,4,444,3,12
13501.0,288,1,584.32,1,2,4,124,1,7
13502.0,17,3,212.7,4,4,2,442,3,10
13503.0,71,1,192.95,3,2,2,322,3,7
13504.0,64,1,260.48,3,2,2,322,3,7
13505.0,68,7,2867.51,3,5,5,355,0,13
13506.0,312,3,373.75,1,4,3,143,1,8
13507.0,3,4,1952.01,5,4,5,545,3,14
13508.0,244,1,66.42,1,2,1,121,1,4
13509.0,9,5,662.6800000000001,5,4,4,544,3,13
13510.0,1,5,1558.62,5,4,5,545,3,14
13512.0,261,1,228.51000000000002,1,2,2,122,1,5
13513.0,127,1,132.6,2,2,1,221,3,5
13514.0,74,1,70.80000000000001,2,2,1,221,3,5
13515.0,73,4,833.82,2,4,4,244,3,10
13516.0,73,2,607.91,2,3,4,234,3,9
13517.0,60,5,1820.14,3,4,5,345,3,12
13518.0,86,1,535.4399999999999,2,2,3,223,3,7
13519.0,78,1,78.95,2,2,1,221,3,5
13520.0,59,7,1061.55,3,5,4,354,3,12
13521.0,1,3,978.1800000000001,5,4,4,544,3,13
13522.0,30,1,125.80000000000001,4,2,1,421,3,7
13523.0,33,6,1932.68,3,5,5,355,3,13
13524.0,41,5,422.54,3,4,3,343,3,10
13527.0,34,7,1878.75,3,5,5,355,3,13
13529.0,79,2,206.06,2,3,2,232,3,7
13531.0,205,2,235.5,1,3,2,132,1,6
13532.0,34,1,210.31,3,2,2,322,3,7
13533.0,183,3,245.23999999999998,1,4,2,142,1,7
13534.0,2,41,3778.41,5,5,5,555,0,15
13536.0,1,7,1904.51,5,5,5,555,3,15
13538.0,121,1,17.85,2,2,1,221,3,5
13539.0,86,3,446.52,2,4,3,243,3,9
13544.0,40,2,205.91,3,3,2,332,3,8
13546.0,12,3,547.39,5,4,4,544,3,13
13548.0,96,2,508.59000000000003,2,3,3,233,3,8
13549.0,26,8,707.17,4,5,4,454,3,13
13551.0,319,1,53.550000000000004,1,2,1,121,1,4
13552.0,66,15,1417.7,3,5,5,355,0,13
13555.0,74,4,1529.6,2,4,5,245,3,11
13557.0,28,2,524.06,4,3,3,433,3,10
13558.0,6,4,550.57,5,4,4,544,3,13
13560.0,7,1,171.42000000000002,5,2,2,522,3,9
13561.0,216,1,39.01,1,2,1,121,1,4
13562.0,82,3,1167.56,2,4,5,245,3,11
13563.0,84,2,262.33000000000004,2,3,2,232,3,7
13564.0,354,2,737.07,1,3,4,134,1,8
13565.0,19,2,240.22,4,3,2,432,3,9
13566.0,41,2,799.29,3,3,4,334,3,10
13568.0,173,1,169.20000000000002,2,2,2,222,1,6
13569.0,17,2,267.72,4,3,2,432,3,9
13570.0,243,1,130.51999999999998,1,2,1,121,1,4
13571.0,13,12,2013.89,4,5,5,455,0,14
13572.0,206,1,326.23,1,2,3,123,1,6
13573.0,50,2,192.71,3,3,2,332,3,8
13575.0,23,5,674.5699999999999,4,4,4,444,3,12
13576.0,10,18,1152.9,5,5,4,554,0,14
13577.0,25,5,1123.2,4,4,4,444,3,12
13579.0,15,2,281.69,4,3,2,432,3,9
13581.0,309,1,56.95,1,2,1,121,1,4
13583.0,156,1,691.05,2,2,4,224,1,8
13584.0,307,1,75.75,1,2,1,121,1,4
13587.0,64,1,68.4,3,2,1,321,3,6
13588.0,16,12,2236.48,4,5,5,455,0,14
13589.0,15,2,256.05,4,3,2,432,3,9
13590.0,11,7,1238.9,5,5,5,555,3,15
13591.0,65,3,809.58,3,4,4,344,3,11
13592.0,36,3,159.51,3,4,2,342,3,9
13593.0,108,5,1425.13,2,4,5,245,3,11
13594.0,53,1,396.97,3,2,3,323,3,8
13596.0,6,2,586.91,5,3,4,534,3,12
13598.0,47,1,113.94,3,2,1,321,3,6
13599.0,1,30,2636.47,5,5,5,555,0,15
13600.0,312,1,66.52,1,2,1,121,1,4
13601.0,45,2,663.08,3,3,4,334,3,10
13602.0,65,1,398.65000000000003,3,2,3,323,3,8
13603.0,26,1,129.44,4,2,1,421,3,7
13606.0,29,2,148.43,4,3,2,432,3,9
13607.0,40,1,563.0600000000001,3,2,4,324,3,9
13610.0,12,7,850.48,5,5,4,554,3,14
13611.0,89,4,943.1600000000001,2,4,4,244,3,10
13614.0,24,4,1060.3600000000001,4,4,4,444,3,12
13615.0,319,1,345.33,1,2,3,123,1,6
13617.0,40,3,444.04,3,4,3,343,3,10
13618.0,174,1,154.54,2,2,2,222,1,6
13621.0,117,1,209.85,2,2,2,222,3,6
13623.0,31,6,383.07,4,5,3,453,3,12
13626.0,253,1,241.32999999999998,1,2,2,122,1,5
13627.0,59,6,1162.53,3,5,5,355,3,13
13629.0,143,1,281.01,2,2,2,222,3,6
13630.0,5,11,760.14,5,5,4,554,3,14
13632.0,25,6,1707.02,4,5,5,455,3,14
13634.0,33,5,1090.71,3,4,4,344,3,11
13635.0,68,1,986.43,3,2,4,324,3,9
13636.0,37,6,713.33,3,5,4,354,3,12
13637.0,52,3,735.05,3,4,4,344,3,11
13638.0,16,1,97.14,4,2,1,421,3,7
13639.0,74,1,593.24,2,2,4,224,3,8
13642.0,216,1,226.03,1,2,2,122,1,5
13643.0,31,3,468.44,4,4,3,443,3,11
13644.0,9,5,1977.3500000000001,5,4,5,545,3,14
13645.0,120,1,30.599999999999998,2,2,1,221,3,5
13647.0,10,4,1134.52,5,4,4,544,3,13
13649.0,257,2,250.45,1,3,2,132,1,6
13650.0,17,7,1392.39,4,5,5,455,3,14
13651.0,40,1,63.3,3,2,1,321,3,6
13652.0,46,3,1003.64,3,4,4,344,3,11
13654.0,43,6,2208.87,3,5,5,355,3,13
13655.0,114,2,753.22,2,3,4,234,3,9
13656.0,165,2,319.79,2,3,3,233,1,8
13657.0,11,2,156.6,5,3,2,532,3,10
13658.0,10,6,1485.75,5,5,5,555,3,15
13659.0,197,3,1082.37,1,4,4,144,1,9
13662.0,86,7,628.38,2,5,4,254,3,11
13663.0,179,1,91.07,2,2,1,221,1,5
13666.0,60,3,67.65,3,4,1,341,3,8
13667.0,149,1,252.20000000000002,2,2,2,222,1,6
13668.0,3,28,3958.59,5,5,5,555,0,15
13669.0,51,2,160.2,3,3,2,332,3,8
13670.0,75,1,333.2,2,2,3,223,3,7
13672.0,301,5,47.28,1,4,1,141,1,6
13673.0,19,2,248.29000000000002,4,3,2,432,3,9
13675.0,151,2,473.38,2,3,3,233,1,8
13678.0,152,1,72.56,2,2,1,221,1,5
13680.0,1,5,1527.78,5,4,5,545,3,14
13681.0,18,4,713.5300000000001,4,4,4,444,3,12
13682.0,187,1,34.0,1,2,1,121,1,4
13684.0,286,2,62.13,1,3,1,131,1,5
13685.0,3,4,20.92,5,4,1,541,3,10
13686.0,183,1,72.0,1,2,1,121,1,4
13689.0,63,1,15.0,3,2,1,321,3,6
13690.0,59,1,81.60000000000001,3,2,1,321,3,6
13692.0,25,3,458.14,4,4,3,443,3,11
13693.0,325,1,-22.05,1,2,1,121,1,4
13694.0,4,16,663.09,5,5,4,554,0,14
13695.0,31,13,1233.97,4,5,5,455,3,14
13697.0,39,1,151.29999999999998,3,2,2,322,3,7
13699.0,155,1,70.08000000000001,2,2,1,221,1,5
13700.0,26,10,1439.93,4,5,5,455,3,14
13704.0,5,10,1725.8500000000001,5,5,5,555,3,15
13705.0,8,3,433.38,5,4,3,543,3,12
13706.0,303,1,290.89,1,2,3,123,1,6
13707.0,267,2,581.36,1,3,4,134,1,8
13708.0,271,1,260.46,1,2,2,122,1,5
13709.0,4,16,4203.04,5,5,5,555,0,15
13710.0,32,1,94.56,4,2,1,421,3,7
13711.0,219,2,232.16000000000003,1,3,2,132,1,6
13712.0,247,1,88.2,1,2,1,121,1,4
13715.0,281,8,990.85,1,5,4,154,1,10
13716.0,269,1,138.28,1,2,2,122,1,5
13717.0,32,6,1088.32,4,5,4,454,3,13
13718.0,246,2,130.8,1,3,1,131,1,5
13719.0,15,5,855.41,4,4,4,444,3,12
13720.0,117,4,685.8,2,4,4,244,3,10
13721.0,36,1,431.34,3,2,3,323,3,8
13722.0,120,4,1197.63,2,4,5,245,3,11
13723.0,217,1,102.9,1,2,1,121,1,4
13725.0,50,10,1141.42,3,5,4,354,3,12
13726.0,39,2,429.11999999999995,3,3,3,333,3,9
13727.0,29,2,285.78000000000003,4,3,2,432,3,9
13728.0,37,6,437.44,3,5,3,353,3,11
13730.0,136,2,482.95,2,3,3,233,3,8
13731.0,219,2,511.59000000000003,1,3,3,133,1,7
13732.0,28,1,491.86,4,2,3,423,3,9
13735.0,25,8,1698.18,4,5,5,455,3,14
13736.0,5,3,556.05,5,4,4,544,3,13
13737.0,200,1,146.05,1,2,2,122,1,5
13740.0,241,1,234.71,1,2,2,122,1,5
13741.0,72,4,403.53000000000003,2,4,3,243,3,9
13742.0,17,13,1801.21,4,5,5,455,0,14
13743.0,3,8,407.75,5,5,3,553,3,13
13744.0,95,2,876.66,2,3,4,234,3,9
13745.0,151,2,232.85999999999999,2,3,2,232,1,7
13748.0,96,4,328.7,2,4,3,243,3,9
13750.0,54,3,162.32,3,4,2,342,3,9
13751.0,288,1,75.6,1,2,1,121,1,4
13752.0,124,6,665.64,2,5,4,254,3,11
13753.0,288,1,536.06,1,2,3,123,1,6
13754.0,152,2,129.6,2,3,1,231,1,6
13755.0,4,8,1525.66,5,5,5,555,3,15
13756.0,2,12,1663.16,5,5,5,555,0,15
13758.0,12,7,1473.74,5,5,5,555,3,15
13759.0,71,1,340.59000000000003,3,2,3,323,3,8
13760.0,54,2,286.79,3,3,3,333,3,9
13761.0,50,2,974.65,3,3,4,334,3,10
13762.0,204,2,120.0,1,3,1,131,1,5
13764.0,71,3,1350.6200000000001,3,4,5,345,3,12
13767.0,2,46,4724.21,5,5,5,555,0,15
13769.0,2,16,1921.67,5,5,5,555,0,15
13771.0,64,5,1730.15,3,4,5,345,3,12
13772.0,34,3,849.28,3,4,4,344,3,11
13774.0,82,1,314.15000000000003,2,2,3,223,3,7
13777.0,9,23,1185.68,5,5,5,555,0,15
13778.0,103,1,178.7,2,2,2,222,3,6
13780.0,7,2,247.31,5,3,2,532,3,10
13781.0,251,1,68.54,1,2,1,121,1,4
13782.0,13,6,763.42,4,5,4,454,3,13
13784.0,219,3,126.30000000000001,1,4,1,141,1,6
13786.0,367,1,109.19999999999999,1,2,1,121,1,4
13787.0,76,2,231.55,2,3,2,232,3,7
13790.0,4,1,236.84,5,2,2,522,3,9
13792.0,66,2,183.05,3,3,2,332,3,8
13798.0,18,12,-159.84,4,5,1,451,3,10
13799.0,117,2,513.16,2,3,3,233,3,8
13800.0,310,1,439.82,1,2,3,123,1,6
13801.0,67,1,247.1,3,2,2,322,3,7
13802.0,139,3,297.82,2,4,3,243,3,9
13803.0,255,1,277.07,1,2,2,122,1,5
13804.0,31,7,2035.03,4,5,5,455,3,14
13806.0,64,1,152.73000000000002,3,2,2,322,3,7
13807.0,367,1,80.8,1,2,1,121,1,4
13808.0,6,5,1013.66,5,4,4,544,3,13
13809.0,305,1,60.300000000000004,1,2,1,121,1,4
13810.0,29,2,448.66,4,3,3,433,3,10
13812.0,42,3,452.1,3,4,3,343,3,10
13813.0,40,5,1045.31,3,4,4,344,3,11
13814.0,92,2,887.82,2,3,4,234,3,9
13815.0,22,5,2570.01,4,4,5,445,3,13
13816.0,24,4,350.69,4,4,3,443,3,11
13817.0,29,2,328.98,4,3,3,433,3,10
13819.0,302,3,457.35,1,4,3,143,1,8
13821.0,145,2,321.89,2,3,3,233,3,8
13822.0,6,2,454.8,5,3,3,533,3,11
13823.0,19,2,413.90000000000003,4,3,3,433,3,10
13824.0,33,4,677.81,3,4,4,344,3,11
13826.0,158,2,97.4,2,3,1,231,1,6
13827.0,58,3,237.65,3,4,2,342,3,9
13828.0,22,1,168.45,4,2,2,422,3,8
13831.0,16,3,366.23,4,4,3,443,3,11
13832.0,18,2,40.949999999999996,4,3,1,431,3,8
13833.0,159,1,225.45,2,2,2,222,1,6
13835.0,25,4,692.37,4,4,4,444,3,12
13837.0,212,2,221.59,1,3,2,132,1,6
13838.0,6,4,510.67,5,4,3,543,3,12
13842.0,59,9,2516.05,3,5,5,355,0,13
13844.0,11,1,345.12,5,2,3,523,3,10
13845.0,65,1,112.86000000000001,3,2,1,321,3,6
13846.0,25,4,725.66,4,4,4,444,3,12
13849.0,52,2,1285.95,3,3,5,335,3,11
13850.0,88,2,1470.31,2,3,5,235,3,10
13851.0,96,3,1192.52,2,4,5,245,3,11
13853.0,57,1,272.16,3,2,2,322,3,7
13854.0,24,17,648.44,4,5,4,454,0,13
13856.0,169,4,113.94999999999999,2,4,1,241,1,7
13858.0,57,1,182.67,3,2,2,322,3,7
13859.0,326,1,172.76000000000002,1,2,2,122,1,5
13860.0,1,6,1101.03,5,5,4,554,3,14
13862.0,18,10,2019.91,4,5,5,455,0,14
13863.0,245,2,258.66,1,3,2,132,1,6
13865.0,58,4,437.81,3,4,3,343,3,10
13866.0,74,1,145.67000000000002,2,2,2,222,3,6
13867.0,31,3,709.54,4,4,4,444,3,12
13868.0,39,1,428.37,3,2,3,323,3,8
13869.0,123,4,2446.95,2,4,5,245,3,11
13870.0,2,10,1489.25,5,5,5,555,3,15
13871.0,23,14,4528.4,4,5,5,455,0,14
13873.0,120,4,316.15000000000003,2,4,3,243,3,9
13874.0,358,1,247.45000000000002,1,2,2,122,1,5
13875.0,54,5,1438.22,3,4,5,345,3,12
13876.0,64,1,98.80000000000001,3,2,1,321,3,6
13877.0,86,1,17.4,2,2,1,221,3,5
13878.0,55,1,419.31,3,2,3,323,3,8
13880.0,21,13,2519.63,4,5,5,455,0,14
13881.0,72,4,741.24,2,4,4,244,3,10
13882.0,3,5,686.34,5,4,4,544,3,13
13883.0,1,8,2016.13,5,5,5,555,3,15
13884.0,7,5,664.15,5,4,4,544,3,13
13885.0,189,2,390.2,1,3,3,133,1,7
13886.0,71,1,218.56,3,2,2,322,3,7
13887.0,204,1,293.95,1,2,3,123,1,6
13888.0,120,2,496.02,2,3,3,233,3,8
13889.0,93,1,265.7,2,2,2,222,3,6
13890.0,1,13,1752.8600000000001,5,5,5,555,0,15
13892.0,64,2,287.61,3,3,3,333,3,9
13893.0,298,1,150.70000000000002,1,2,2,122,1,5
13894.0,22,4,401.90000000000003,4,4,3,443,3,11
13895.0,21,5,1860.17,4,4,5,445,3,13
13897.0,50,1,258.06,3,2,2,322,3,7
13898.0,326,1,138.93,1,2,2,122,1,5
13899.0,16,2,297.92,4,3,3,433,3,10
13900.0,193,2,553.95,1,3,4,134,1,8
13901.0,72,5,2196.21,2,4,5,245,3,11
13904.0,37,2,332.64,3,3,3,333,3,9
13908.0,80,5,1736.84,2,4,5,245,3,11
13911.0,144,8,1872.71,2,5,5,255,3,12
13914.0,12,2,499.53,5,3,3,533,3,11
13917.0,50,2,252.14000000000001,3,3,2,332,3,8
13918.0,50,2,440.9,3,3,3,333,3,9
13919.0,53,3,307.71,3,4,3,343,3,10
13922.0,352,1,81.6,1,2,1,121,1,4
13923.0,54,1,317.63,3,2,3,323,3,8
13924.0,2,11,1424.18,5,5,5,555,3,15
13925.0,93,4,411.1,2,4,3,243,3,9
13926.0,23,1,150.10000000000002,4,2,2,422,3,8
13927.0,75,1,307.39,2,2,3,223,3,7
13928.0,11,4,336.47,5,4,3,543,3,12
13929.0,169,2,103.65,2,3,1,231,1,6
13930.0,58,2,297.74,3,3,3,333,3,9
13931.0,86,3,908.97,2,4,4,244,3,10
13932.0,295,1,195.8,1,2,2,122,1,5
13933.0,109,2,369.39,2,3,3,233,3,8
13934.0,264,1,497.05,1,2,3,123,1,6
13936.0,171,2,354.44,2,3,3,233,1,8
13937.0,169,1,128.25,2,2,1,221,1,5
13938.0,35,1,71.66,3,2,1,321,3,6
13939.0,23,4,454.57,4,4,3,443,3,11
13940.0,17,4,608.96,4,4,4,444,3,12
13941.0,22,5,219.0,4,4,2,442,3,10
13946.0,79,3,57.33,2,4,1,241,3,7
13947.0,65,1,90.6,3,2,1,321,3,6
13948.0,361,1,23.4,1,2,1,121,1,4
13949.0,3,6,1927.93,5,5,5,555,3,15
13950.0,11,4,394.7,5,4,3,543,3,12
13951.0,176,3,504.09000000000003,2,4,3,243,1,9
13952.0,211,3,1731.681,1,4,5,145,1,10
13953.0,7,2,182.48000000000002,5,3,2,532,3,10
13954.0,2,3,280.39,5,4,2,542,3,11
13955.0,154,2,239.31,2,3,2,232,1,7
13956.0,5,5,671.39,5,4,4,544,3,13
13959.0,79,3,508.59000000000003,2,4,3,243,3,9
13960.0,21,2,159.42000000000002,4,3,2,432,3,9
13962.0,22,2,82.1,4,3,1,431,3,8
13963.0,308,4,469.02,1,4,3,143,1,8
13967.0,146,1,35.7,2,2,1,221,1,5
13969.0,7,20,5684.91,5,5,5,555,0,15
13971.0,9,11,2337.36,5,5,5,555,0,15
13972.0,71,2,174.35,3,3,2,332,3,8
13973.0,287,1,147.75,1,2,2,122,1,5
13974.0,49,1,413.59000000000003,3,2,3,323,3,8
13975.0,31,7,2048.7400000000002,4,5,5,455,3,14
13976.0,207,1,91.1,1,2,1,121,1,4
13978.0,45,1,54.17,3,2,1,321,3,6
13979.0,73,1,869.87,2,2,4,224,3,8
13980.0,60,1,69.58,3,2,1,321,3,6
13982.0,39,5,1314.9,3,4,5,345,3,12
13983.0,40,10,1044.27,3,5,4,354,3,12
13984.0,27,4,216.23000000000002,4,4,2,442,3,10
13985.0,4,16,6359.82,5,5,5,555,0,15
13986.0,17,1,147.06,4,2,2,422,3,8
13988.0,20,8,3004.09,4,5,5,455,0,14
13989.0,66,2,462.21,3,3,3,333,3,9
13990.0,213,1,292.58,1,2,3,123,1,6
13991.0,12,7,676.9,5,5,4,554,3,14
13992.0,30,1,76.8,4,2,1,421,3,7
13993.0,43,10,1382.3600000000001,3,5,5,355,3,13
13994.0,4,6,1913.0900000000001,5,5,5,555,3,15
13995.0,15,6,1298.79,4,5,5,455,3,14
13999.0,10,14,2888.7400000000002,5,5,5,555,0,15
14000.0,206,2,109.05000000000001,1,3,1,131,1,5
14001.0,46,4,374.45,3,4,3,343,3,10
14002.0,134,2,368.59999999999997,2,3,3,233,3,8
14004.0,43,7,2422.16,3,5,5,355,3,13
14005.0,10,5,908.3,5,4,4,544,3,13
14006.0,116,3,503.6,2,4,3,243,3,9
14009.0,198,3,637.13,1,4,4,144,1,9
14012.0,278,1,289.2,1,2,3,123,1,6
14013.0,110,3,395.97999999999996,2,4,3,243,3,9
14014.0,77,1,304.42,2,2,3,223,3,7
14015.0,53,1,151.5,3,2,2,322,3,7
14016.0,162,4,2216.14,2,4,5,245,1,11
14019.0,47,4,941.51,3,4,4,344,3,11
14020.0,17,2,534.26,4,3,3,433,3,10
14021.0,155,2,305.8,2,3,3,233,1,8
14022.0,225,1,396.8,1,2,3,123,1,6
14023.0,7,2,496.22,5,3,3,533,3,11
14024.0,122,2,298.45,2,3,3,233,3,8
14027.0,61,1,104.82,3,2,1,321,3,6
14029.0,63,2,191.46,3,3,2,332,3,8
14030.0,18,8,1488.5,4,5,5,455,3,14
14031.0,7,15,1466.58,5,5,5,555,0,15
14032.0,16,16,1699.22,4,5,5,455,0,14
14034.0,22,3,343.84,4,4,3,443,3,11
14035.0,29,4,710.35,4,4,4,444,3,12
14036.0,285,1,451.25,1,2,3,123,1,6
14037.0,176,2,139.25,2,3,2,232,1,7
14038.0,78,4,1514.88,2,4,5,245,3,11
14039.0,33,1,82.6,3,2,1,321,3,6
14040.0,41,14,1489.78,3,5,5,355,0,13
14041.0,266,1,101.51,1,2,1,121,1,4
14044.0,27,4,532.12,4,4,3,443,3,11
14046.0,284,1,47.71,1,2,1,121,1,4
14047.0,9,6,318.6,5,5,3,553,3,13
14048.0,277,2,388.65,1,3,3,133,1,7
14049.0,17,6,3830.02,4,5,5,455,0,14
14050.0,32,2,746.36,4,3,4,434,3,11
14051.0,1,20,1748.46,5,5,5,555,0,15
14052.0,20,1,173.66,4,2,2,422,3,8
14053.0,160,1,41.75,2,2,1,221,1,5
14054.0,65,1,92.46,3,2,1,321,3,6
14055.0,106,1,104.14,2,2,1,221,3,5
14056.0,1,29,5657.5,5,5,5,555,0,15
14057.0,24,15,2849.97,4,5,5,455,0,14
14059.0,267,1,132.6,1,2,1,121,1,4
14060.0,5,17,1872.76,5,5,5,555,0,15
14062.0,10,6,456.93,5,5,3,553,3,13
14064.0,29,6,734.25,4,5,4,454,3,13
14066.0,267,1,114.3,1,2,1,121,1,4
14067.0,64,2,275.04,3,3,2,332,3,8
14068.0,320,1,208.35000000000002,1,2,2,122,1,5
14071.0,4,9,908.62,5,5,4,554,3,14
14073.0,21,2,139.54,4,3,2,432,3,9
14075.0,5,3,569.18,5,4,4,544,3,13
14076.0,129,1,101.72,2,2,1,221,3,5
14077.0,78,4,268.25,2,4,2,242,3,8
14078.0,102,6,346.47,2,5,3,253,3,10
14079.0,125,1,86.05,2,2,1,221,3,5
14080.0,33,1,45.599999999999994,3,2,1,321,3,6
14081.0,267,3,677.2,1,4,4,144,1,9
14082.0,365,1,127.05,1,2,1,121,1,4
14083.0,4,8,820.1,5,5,4,554,3,14
14085.0,2,18,3652.45,5,5,5,555,0,15
14087.0,3,1,185.17,5,2,2,522,3,9
14088.0,10,10,2451.42,5,5,5,555,0,15
14089.0,57,1,111.05,3,2,1,321,3,6
14092.0,8,17,3200.4,5,5,5,555,0,15
14093.0,12,1,411.9,5,2,3,523,3,10
14096.0,4,18,31265.739999999998,5,5,5,555,2,15
14098.0,37,1,86.15,3,2,1,321,3,6
14099.0,16,12,2472.21,4,5,5,455,0,14
14100.0,138,1,144.25,2,2,2,222,3,6
14101.0,295,1,2.95,1,2,1,121,1,4
14102.0,5,8,496.63,5,5,3,553,3,13
14104.0,166,1,69.71,2,2,1,221,1,5
14105.0,85,2,859.53,2,3,4,234,3,9
14107.0,52,8,1814.52,3,5,5,355,3,13
14108.0,31,3,481.21,4,4,3,443,3,11
14109.0,23,2,97.2,4,3,1,431,3,8
14110.0,37,11,2163.27,3,5,5,355,0,13
14111.0,85,3,20.95,2,4,1,241,3,7
14112.0,23,10,2454.6800000000003,4,5,5,455,0,14
14113.0,4,6,415.62,5,5,3,553,3,13
14114.0,331,1,195.13,1,2,2,122,1,5
14116.0,20,5,1052.94,4,4,4,444,3,12
14117.0,144,1,90.0,2,2,1,221,1,5
14121.0,4,5,2178.35,5,4,5,545,3,14
14125.0,11,3,2337.13,5,4,5,545,3,14
14126.0,11,1,183.4,5,2,2,522,3,9
14127.0,123,3,503.01,2,4,3,243,3,9
14128.0,61,2,625.0,3,3,4,334,3,10
14129.0,2,5,993.0600000000001,5,4,4,544,3,13
14130.0,319,1,360.46,1,2,3,123,1,6
14132.0,2,12,2544.47,5,5,5,555,0,15
14133.0,130,5,444.39,2,4,3,243,3,9
14135.0,2,14,1657.54,5,5,5,555,0,15
14138.0,2,2,815.88,5,3,4,534,3,12
14139.0,46,1,278.28,3,2,2,322,3,7
14140.0,4,3,898.18,5,4,4,544,3,13
14141.0,3,6,652.38,5,5,4,554,3,14
14142.0,373,1,280.95,1,2,2,122,1,5
14143.0,134,1,64.8,2,2,1,221,3,5
14146.0,9,6,2821.95,5,5,5,555,3,15
14147.0,49,2,0.0,3,3,1,331,3,7
14148.0,234,1,29.700000000000003,1,2,1,121,1,4
14149.0,213,3,333.59000000000003,1,3,3,133,1,7
14150.0,36,2,323.38,3,3,3,333,3,9
14152.0,75,3,592.37,2,3,4,234,3,9
14154.0,239,2,682.92,1,3,4,134,1,8
14155.0,266,1,118.75,1,2,1,121,1,4
14156.0,10,38,10876.73,5,5,5,555,0,15
14157.0,20,2,404.73,4,3,3,433,3,10
14158.0,40,1,397.38,3,2,3,323,3,8
14159.0,20,14,4413.67,4,5,5,455,0,14
14161.0,216,3,878.02,1,3,4,134,1,8
14162.0,174,2,198.11,2,3,2,232,1,7
14163.0,87,4,314.71,2,4,3,243,3,9
14164.0,81,1,374.4,2,2,3,223,3,7
14165.0,276,1,82.19,1,2,1,121,1,4
14167.0,39,4,512.84,3,4,3,343,3,10
14171.0,98,1,308.44,2,2,3,223,3,7
14173.0,11,4,222.34,5,4,2,542,3,11
14174.0,33,1,124.51,3,2,1,321,3,6
14175.0,51,6,2058.86,3,5,5,355,3,13
14176.0,297,5,514.3000000000001,1,4,3,143,1,8
14177.0,85,4,146.02,2,4,2,242,3,8
14178.0,9,7,1387.09,5,5,5,555,3,15
14179.0,41,2,548.67,3,3,4,334,3,10
14180.0,11,26,1684.17,5,5,5,555,0,15
14184.0,67,1,245.59,3,2,2,322,3,7
14185.0,331,1,12.75,1,2,1,121,1,4
14188.0,31,9,625.51,4,5,4,454,3,13
14189.0,2,23,3440.02,5,5,5,555,0,15
14191.0,2,14,3608.83,5,5,5,555,0,15
14193.0,68,2,657.95,3,3,4,334,3,10
14194.0,5,31,8162.83,5,5,5,555,0,15
14196.0,107,1,73.72,2,2,1,221,3,5
14198.0,4,6,486.5,5,5,3,553,3,13
14199.0,218,1,10.2,1,2,1,121,1,4
14201.0,60,7,463.24,3,5,3,353,3,11
14204.0,2,1,128.16,5,2,1,521,3,8
14205.0,17,3,213.05,4,3,2,432,3,9
14206.0,239,1,302.65999999999997,1,2,3,123,1,6
14208.0,95,1,101.14,2,2,1,221,3,5
14209.0,11,7,1092.25,5,5,4,554,3,14
14210.0,91,7,1571.5700000000002,2,5,5,255,3,12
14211.0,53,13,1702.1000000000001,3,5,5,355,0,13
14214.0,31,7,933.99,4,5,4,454,3,13
14215.0,12,7,1638.67,5,5,5,555,3,15
14216.0,3,4,717.0600000000001,5,4,4,544,3,13
14217.0,2,20,1037.88,5,5,4,554,0,14
14218.0,43,1,169.48000000000002,3,2,2,322,3,7
14219.0,4,1,73.44,5,2,1,521,3,8
14220.0,247,2,313.97,1,3,3,133,1,7
14221.0,42,10,2444.6,3,5,5,355,0,13
14222.0,177,1,576.5,2,2,4,224,1,8
14223.0,92,3,696.96,2,3,4,234,3,9
14224.0,110,4,580.86,2,4,4,244,3,10
14226.0,30,6,762.89,4,5,4,454,3,13
14227.0,26,13,2483.2200000000003,4,5,5,455,0,14
14229.0,52,5,345.49,3,4,3,343,3,10
14231.0,184,4,787.36,1,4,4,144,1,9
14232.0,32,8,1573.42,4,5,5,455,3,14
14233.0,44,5,406.45000000000005,3,4,3,343,3,10
14234.0,22,4,661.92,4,4,4,444,3,12
14235.0,75,5,861.24,2,4,4,244,3,10
14236.0,81,2,150.24,2,3,2,232,3,7
14237.0,373,1,77.45,1,2,1,121,1,4
14238.0,326,1,96.2,1,2,1,121,1,4
14239.0,43,13,1703.8500000000001,3,5,5,355,0,13
14240.0,30,2,577.59,4,3,4,434,3,11
14241.0,184,1,147.3,1,2,2,122,1,5
14242.0,235,2,219.25,1,3,2,132,1,6
14243.0,9,14,1836.04,5,5,5,555,0,15
14245.0,176,5,1381.93,2,4,5,245,1,11
14246.0,111,3,1213.8,2,3,5,235,3,10
14247.0,278,1,104.12,1,2,1,121,1,4
14248.0,318,1,98.58,1,2,1,121,1,4
14250.0,7,3,1783.53,5,3,5,535,3,13
14251.0,2,5,1045.26,5,4,4,544,3,13
14256.0,260,2,648.0600000000001,1,3,4,134,1,8
14257.0,51,6,1553.85,3,5,5,355,3,13
14258.0,152,3,130.5,2,3,1,231,1,6
14259.0,142,1,64.5,2,2,1,221,3,5
14261.0,79,1,517.99,2,2,3,223,3,7
14262.0,8,8,2287.61,5,5,5,555,3,15
14264.0,155,3,125.82000000000001,2,3,1,231,1,6
14265.0,109,2,333.43,2,3,3,233,3,8
14267.0,151,5,692.84,2,4,4,244,3,10
14270.0,332,1,341.65000000000003,1,2,3,123,1,6
14271.0,226,1,92.42,1,2,1,121,1,4
14272.0,74,2,330.2,2,3,3,233,3,8
14273.0,51,4,518.37,3,4,3,343,3,10
14276.0,88,5,969.54,2,4,4,244,3,10
14277.0,15,3,2658.26,4,3,5,435,3,12
14280.0,197,1,92.63999999999999,1,2,1,121,1,4
14282.0,3,14,1908.28,5,5,5,555,0,15
14284.0,31,3,496.45,4,3,3,433,3,10
14285.0,21,4,246.38000000000002,4,4,2,442,3,10
14286.0,24,5,3639.42,4,4,5,445,0,13
14287.0,8,3,154.35,5,3,2,532,3,10
14288.0,213,1,261.0,1,2,2,122,1,5
14289.0,9,6,373.06,5,5,3,553,3,13
14290.0,11,6,1600.94,5,5,5,555,3,15
14291.0,2,11,3262.5,5,5,5,555,0,15
14292.0,8,13,1185.08,5,5,5,555,3,15
14293.0,3,4,862.0600000000001,5,4,4,544,3,13
14295.0,40,2,62.400000000000006,3,3,1,331,3,7
14297.0,18,6,881.3,4,5,4,454,3,13
14298.0,8,40,16980.99,5,5,5,555,0,15
14299.0,8,12,1948.01,5,5,5,555,0,15
14300.0,19,1,43.2,4,2,1,421,3,7
14301.0,108,2,74.7,2,3,1,231,3,6
14304.0,223,2,164.55,1,3,2,132,1,6
14305.0,71,5,1517.1100000000001,3,4,5,345,3,12
14306.0,51,3,162.82999999999998,3,3,2,332,3,8
14307.0,89,6,2590.81,2,5,5,255,3,12
14309.0,8,10,1573.38,5,5,5,555,3,15
14311.0,225,2,166.02,1,3,2,132,1,6
14312.0,47,6,1185.8600000000001,3,5,5,355,3,13
14314.0,107,1,46.68,2,2,1,221,3,5
14315.0,21,7,1501.98,4,5,5,455,3,14
14317.0,65,1,375.58,3,2,3,323,3,8
14320.0,207,3,395.69,1,3,3,133,1,7
14321.0,11,5,1095.0,5,4,4,544,3,13
14323.0,115,3,504.56,2,3,3,233,3,8
14326.0,242,1,123.85000000000001,1,2,1,121,1,4
14327.0,163,1,148.15,2,2,2,222,1,6
14329.0,9,12,3668.07,5,5,5,555,0,15
14331.0,124,2,395.76,2,3,3,233,3,8
14332.0,23,3,172.05,4,3,2,432,3,9
14333.0,64,2,124.45,3,3,1,331,3,7
14334.0,17,8,1829.61,4,5,5,455,3,14
14335.0,16,2,409.2,4,3,3,433,3,10
14336.0,17,4,1151.51,4,4,4,444,3,12
14338.0,158,3,433.95,2,3,3,233,1,8
14339.0,235,4,228.71,1,4,2,142,1,7
14340.0,219,1,134.7,1,2,2,122,1,5
14341.0,45,8,1858.47,3,5,5,355,3,13
14342.0,21,5,242.0,4,4,2,442,3,10
14344.0,127,8,544.73,2,5,4,254,3,11
14345.0,39,1,69.38,3,2,1,321,3,6
14346.0,121,2,799.46,2,3,4,234,3,9
14348.0,260,1,251.97,1,2,2,122,1,5
14349.0,10,1,125.0,5,2,1,521,3,8
14350.0,271,2,276.58,1,3,2,132,1,6
14352.0,157,3,711.96,2,3,4,234,1,9
14353.0,215,1,90.6,1,2,1,121,1,4
14354.0,6,2,126.17999999999999,5,3,1,531,3,9
14355.0,366,1,158.5,1,2,2,122,1,5
14356.0,60,4,473.93,3,4,3,343,3,10
14357.0,43,1,215.17000000000002,3,2,2,322,3,7
14359.0,19,6,769.48,4,5,4,454,3,13
14360.0,32,4,1673.13,4,4,5,445,3,13
14362.0,22,1,138.75,4,2,2,422,3,8
14364.0,109,8,831.4,2,5,4,254,3,11
14367.0,8,19,6516.9800000000005,5,5,5,555,0,15
14368.0,320,1,105.2,1,2,1,121,1,4
14371.0,295,1,60.9,1,2,1,121,1,4
14373.0,358,1,10.2,1,2,1,121,1,4
14375.0,185,1,219.66,1,2,2,122,1,5
14377.0,191,2,53.25000000000001,1,3,1,131,1,5
14379.0,44,2,340.15000000000003,3,3,3,333,3,9
14381.0,52,1,202.68,3,2,2,322,3,7
14382.0,26,1,448.58,4,2,3,423,3,9
14383.0,38,3,799.72,3,3,4,334,3,10
14385.0,9,3,202.11,5,3,2,532,3,10
14386.0,297,1,93.6,1,2,1,121,1,4
14387.0,33,3,1415.29,3,3,5,335,3,11
14388.0,9,10,2665.81,5,5,5,555,0,15
14389.0,9,5,582.8,5,4,4,544,3,13
14390.0,10,11,2634.35,5,5,5,555,0,15
14393.0,218,1,67.95,1,2,1,121,1,4
14395.0,2,9,3084.66,5,5,5,555,0,15
14396.0,65,2,451.09,3,3,3,333,3,9
14397.0,1,20,915.14,5,5,4,554,0,14
14400.0,141,2,311.48,2,3,3,233,3,8
14401.0,4,14,2007.94,5,5,5,555,0,15
14403.0,217,1,14.850000000000001,1,2,1,121,1,4
14404.0,34,6,890.93,3,5,4,354,3,12
14406.0,119,1,106.25,2,2,1,221,3,5
14407.0,107,5,748.33,2,4,4,244,3,10
14408.0,11,7,891.91,5,5,4,554,3,14
14409.0,71,4,721.4200000000001,3,4,4,344,3,11
14410.0,16,15,567.8,4,5,4,454,3,13
14412.0,35,3,553.63,3,3,4,334,3,10
14413.0,362,1,111.10000000000001,1,2,1,121,1,4
14414.0,92,8,1021.5699999999999,2,5,4,254,3,11
14415.0,1,18,4986.27,5,5,5,555,0,15
14416.0,22,2,189.5,4,3,2,432,3,9
14418.0,4,3,1341.06,5,3,5,535,3,13
14419.0,11,6,1025.94,5,5,4,554,3,14
14420.0,85,2,385.87,2,3,3,233,3,8
14421.0,57,2,298.86,3,3,3,333,3,9
14422.0,1,6,3018.09,5,5,5,555,0,15
14423.0,218,1,20.4,1,2,1,121,1,4
14426.0,19,13,2511.32,4,5,5,455,0,14
14427.0,64,1,205.58,3,2,2,322,3,7
14428.0,7,7,704.8000000000001,5,5,4,554,3,14
14431.0,299,2,294.81,1,3,3,133,1,7
14432.0,10,6,1930.71,5,5,5,555,3,15
14436.0,99,1,76.56,2,2,1,221,3,5
14437.0,366,1,63.0,1,2,1,121,1,4
14438.0,306,1,131.9,1,2,1,121,1,4
14439.0,320,1,32.5,1,2,1,121,1,4
14440.0,8,4,752.1800000000001,5,4,4,544,3,13
14441.0,1,6,533.64,5,5,3,553,3,13
14442.0,2,5,563.57,5,4,4,544,3,13
14443.0,54,7,1351.01,3,5,5,355,3,13
14446.0,1,4,899.22,5,4,4,544,3,13
14447.0,19,5,1147.33,4,4,4,444,3,12
14448.0,9,2,127.80000000000001,5,3,1,531,3,9
14449.0,19,4,852.55,4,4,4,444,3,12
14450.0,181,3,483.25,1,3,3,133,1,7
14451.0,60,2,626.9,3,3,4,334,3,10
14452.0,11,2,191.5,5,3,2,532,3,10
14453.0,190,1,109.98,1,2,1,121,1,4
14456.0,5,14,2648.29,5,5,5,555,0,15
14457.0,311,1,68.64,1,2,1,121,1,4
14459.0,155,1,271.6,2,2,2,222,1,6
14460.0,110,3,110.4,2,3,1,231,3,6
14461.0,148,3,1388.15,2,3,5,235,3,10
14462.0,64,15,1561.16,3,5,5,355,0,13
14465.0,247,3,385.79,1,3,3,133,1,7
14466.0,29,7,876.15,4,5,4,454,3,13
14467.0,18,4,530.01,4,4,3,443,3,11
14470.0,12,2,303.99,5,3,3,533,3,11
14472.0,104,8,1507.9,2,5,5,255,3,12
14473.0,74,1,95.28,2,2,1,221,3,5
14474.0,46,1,240.06,3,2,2,322,3,7
14475.0,72,5,634.78,2,4,4,244,3,10
14476.0,257,1,183.05,1,2,2,122,1,5
14477.0,52,1,-1.79,3,2,1,321,3,6
14479.0,254,2,252.65,1,3,2,132,1,6
14480.0,11,1,212.63,5,2,2,522,3,9
14481.0,165,2,411.05,2,3,3,233,1,8
14482.0,18,6,916.48,4,5,4,454,3,13
14483.0,150,2,129.2,2,3,1,231,1,6
14484.0,50,1,301.76,3,2,3,323,3,8
14485.0,39,1,144.35,3,2,2,322,3,7
14487.0,27,6,946.3299999999999,4,5,4,454,3,13
14488.0,51,2,697.83,3,3,4,334,3,10
14489.0,207,1,433.5,1,2,3,123,1,6
14491.0,175,2,174.18,2,3,2,232,1,7
14493.0,7,7,1768.41,5,5,5,555,3,15
14494.0,26,1,139.56,4,2,2,422,3,8
14495.0,51,2,123.8,3,3,1,331,3,7
14496.0,312,2,189.92000000000002,1,3,2,132,1,6
14497.0,309,1,335.52,1,2,3,123,1,6
14498.0,43,5,1307.12,3,4,5,345,3,12
14499.0,26,3,768.74,4,3,4,434,3,11
14500.0,88,2,50.7,2,3,1,231,3,6
14501.0,184,2,251.21,1,3,2,132,1,6
14502.0,20,11,1897.83,4,5,5,455,0,14
14503.0,3,6,2157.86,5,5,5,555,3,15
14504.0,47,4,522.21,3,4,3,343,3,10
14505.0,17,9,4638.79,4,5,5,455,0,14
14506.0,17,5,1206.85,4,4,5,445,3,13
14507.0,40,6,869.53,3,5,4,354,3,12
14508.0,22,2,196.0,4,3,2,432,3,9
14511.0,11,6,1035.53,5,5,4,554,3,14
14512.0,188,2,175.63,1,3,2,132,1,6
14513.0,262,2,1.65,1,3,1,131,1,5
14514.0,61,3,632.4,3,3,4,334,3,10
14515.0,18,6,971.88,4,5,4,454,3,13
14517.0,33,2,192.55,3,3,2,332,3,8
14518.0,64,1,112.44,3,2,1,321,3,6
14520.0,2,1,10.2,5,2,1,521,3,8
14522.0,92,2,19.46,2,3,1,231,3,6
14523.0,108,1,160.91,2,2,2,222,3,6
14524.0,32,9,1277.38,4,5,5,455,3,14
14525.0,9,12,1986.48,5,5,5,555,0,15
14527.0,3,55,4227.37,5,5,5,555,0,15
14528.0,37,1,194.27999999999997,3,2,2,322,3,7
14529.0,60,3,542.96,3,3,4,334,3,10
14530.0,26,6,1844.3600000000001,4,5,5,455,3,14
14532.0,236,3,200.4,1,3,2,132,1,6
14533.0,25,6,548.52,4,5,4,454,3,13
14534.0,3,23,2849.48,5,5,5,555,0,15
14535.0,59,4,2489.38,3,4,5,345,3,12
14536.0,260,1,76.0,1,2,1,121,1,4
14537.0,58,1,88.92,3,2,1,321,3,6
14538.0,65,2,281.25,3,3,2,332,3,8
14539.0,16,2,459.76,4,3,3,433,3,10
14540.0,10,3,836.51,5,3,4,534,3,12
14541.0,59,8,888.95,3,5,4,354,3,12
14542.0,186,1,103.25,1,2,1,121,1,4
14543.0,4,21,508.33,5,5,3,553,0,13
14544.0,24,2,990.62,4,3,4,434,3,11
14546.0,4,9,2318.41,5,5,5,555,0,15
14547.0,4,8,3142.1600000000003,5,5,5,555,0,15
14549.0,311,1,224.98000000000002,1,2,2,122,1,5
14550.0,11,2,349.39,5,3,3,533,3,11
14551.0,18,2,148.23,4,3,2,432,3,9
14552.0,152,1,156.27,2,2,2,222,1,6
14553.0,19,5,543.62,4,4,4,444,3,12
14554.0,10,4,1566.9,5,4,5,545,3,14
14555.0,57,2,251.7,3,3,2,332,3,8
14557.0,85,1,111.88,2,2,1,221,3,5
14560.0,17,13,530.67,4,5,3,453,3,12
14561.0,76,3,917.77,2,3,4,234,3,9
14562.0,4,20,3216.9700000000003,5,5,5,555,0,15
14565.0,96,6,1979.26,2,5,5,255,3,12
14567.0,35,3,377.5,3,3,3,333,3,9
14569.0,1,1,25.85,5,2,1,521,3,8
14570.0,281,2,112.86,1,3,1,131,1,5
14572.0,3,8,2119.66,5,5,5,555,3,15
14573.0,180,12,768.85,1,5,4,154,1,10
14576.0,372,1,35.400000000000006,1,2,1,121,1,4
14577.0,13,4,859.71,4,4,4,444,3,12
14578.0,3,1,111.51,5,2,1,521,3,8
14581.0,17,1,95.67,4,2,1,421,3,7
14582.0,41,1,94.21000000000001,3,2,1,321,3,6
14583.0,6,5,799.4,5,4,4,544,3,13
14584.0,169,5,812.76,2,4,4,244,1,10
14585.0,50,1,148.55,3,2,2,322,3,7
14586.0,277,1,202.44,1,2,2,122,1,5
14587.0,19,10,1255.43,4,5,5,455,3,14
14591.0,15,4,876.86,4,4,4,444,3,12
14592.0,35,3,516.29,3,3,3,333,3,9
14593.0,22,3,450.95,4,3,3,433,3,10
14594.0,7,2,273.28,5,3,2,532,3,10
14595.0,20,6,1420.96,4,5,5,455,3,14
14597.0,11,1,170.34,5,2,2,522,3,9
14598.0,44,1,221.97,3,2,2,322,3,7
14600.0,306,1,236.43,1,2,2,122,1,5
14601.0,11,1,123.96000000000001,5,2,1,521,3,8
14606.0,1,125,7904.38,5,5,5,555,2,15
14607.0,19,1,45.300000000000004,4,2,1,421,3,7
14608.0,4,3,89.4,5,3,1,531,3,9
14616.0,285,1,10.08,1,2,1,121,1,4
14618.0,9,4,181.95,5,4,2,542,3,11
14619.0,239,2,258.76,1,3,2,132,1,6
14620.0,204,3,311.68,1,3,3,133,1,7
14621.0,1,6,1380.67,5,5,5,555,3,15
14622.0,185,1,288.78000000000003,1,2,3,123,1,6
14623.0,32,5,688.3,4,4,4,444,3,12
14624.0,57,2,225.85,3,3,2,332,3,8
14625.0,185,5,651.23,1,4,4,144,1,9
14626.0,9,6,1585.6100000000001,5,5,5,555,3,15
14627.0,312,1,-21.85,1,2,1,121,1,4
14628.0,91,2,238.11,2,3,2,232,3,7
14629.0,4,2,564.91,5,3,4,534,3,12
14631.0,51,3,546.22,3,3,4,334,3,10
14632.0,263,1,79.94,1,2,1,121,1,4
14633.0,266,1,235.4,1,2,2,122,1,5
14636.0,36,2,527.2900000000001,3,3,3,333,3,9
14638.0,51,1,166.8,3,2,2,322,3,7
14639.0,52,7,2115.32,3,5,5,355,3,13
14640.0,16,8,1387.65,4,5,5,455,3,14
14641.0,22,1,70.86,4,2,1,421,3,7
14642.0,59,1,19.8,3,2,1,321,3,6
14643.0,170,2,211.72,2,3,2,232,1,7
14644.0,60,3,374.52000000000004,3,3,3,333,3,9
14645.0,157,2,419.42,2,3,3,233,1,8
14646.0,2,25,2642.3,5,5,5,555,0,15
14647.0,201,1,137.04,1,2,2,122,1,5
14649.0,5,4,862.26,5,4,4,544,3,13
14651.0,67,2,560.3,3,3,4,334,3,10
14652.0,77,1,94.28,2,2,1,221,3,5
14653.0,1,7,1385.85,5,5,5,555,3,15
14655.0,4,5,585.65,5,4,4,544,3,13
14656.0,169,2,240.95000000000002,2,3,2,232,1,7
14657.0,18,4,707.37,4,4,4,444,3,12
14658.0,5,2,110.60000000000001,5,3,1,531,3,9
14659.0,9,10,2288.98,5,5,5,555,0,15
14660.0,87,2,129.88,2,3,1,231,3,6
14661.0,27,1,41.05,4,2,1,421,3,7
14662.0,29,4,566.8,4,4,4,444,3,12
14664.0,20,2,566.59,4,3,4,434,3,11
14665.0,61,6,1090.15,3,5,4,354,3,12
14666.0,24,1,175.35,4,2,2,422,3,8
14667.0,11,27,4854.81,5,5,5,555,0,15
14669.0,242,3,1069.77,1,3,4,134,1,8
14670.0,280,2,384.90999999999997,1,3,3,133,1,7
14672.0,235,2,534.02,1,3,3,133,1,7
14673.0,3,5,1153.68,5,4,4,544,3,13
14675.0,16,1,428.01,4,2,3,423,3,9
14676.0,31,5,106.6,4,4,1,441,3,9
14679.0,372,1,-2.55,1,2,1,121,1,4
14680.0,72,20,1100.52,2,5,4,254,0,11
14681.0,212,1,15.0,1,2,1,121,1,4
14684.0,26,5,1080.76,4,4,4,444,3,12
14687.0,107,1,177.42000000000002,2,2,2,222,3,6
14688.0,8,24,2801.85,5,5,5,555,0,15
14689.0,209,1,104.85,1,2,1,121,1,4
14690.0,44,3,286.31,3,3,2,332,3,8
14691.0,31,4,897.04,4,4,4,444,3,12
14692.0,137,5,549.05,2,4,4,244,3,10
14693.0,265,1,45.4,1,2,1,121,1,4
14696.0,4,9,1640.76,5,5,5,555,3,15
14697.0,218,2,96.56,1,3,1,131,1,5
14698.0,2,5,1049.07,5,4,4,544,3,13
14699.0,214,1,109.13000000000001,1,2,1,121,1,4
14700.0,32,3,1344.33,4,3,5,435,3,12
14701.0,11,12,1560.3500000000001,5,5,5,555,0,15
14702.0,1,17,2257.39,5,5,5,555,0,15
14703.0,15,1,318.17,4,2,3,423,3,9
14704.0,20,7,1290.78,4,5,5,455,3,14
14708.0,3,2,348.39,5,3,3,533,3,11
14709.0,15,14,2067.32,4,5,5,455,0,14
14710.0,14,4,541.63,4,4,4,444,3,12
14711.0,10,12,1580.51,5,5,5,555,0,15
14712.0,75,2,118.53,2,3,1,231,3,6
14713.0,9,12,2066.05,5,5,5,555,0,15
14714.0,24,1,46.9,4,2,1,421,3,7
14715.0,25,4,589.93,4,4,4,444,3,12
14716.0,43,2,213.85,3,3,2,332,3,8
14719.0,2,5,1450.89,5,4,5,545,3,14
14720.0,6,3,383.16,5,3,3,533,3,11
14722.0,147,1,154.57,2,1,2,212,1,5
14723.0,10,6,992.34,5,5,4,554,3,14
14725.0,25,1,408.33,4,1,3,413,3,8
14727.0,274,1,116.03,1,1,1,111,1,3
14729.0,374,1,290.79,1,1,3,113,1,5
14730.0,1,8,1469.07,5,5,5,555,3,15
14731.0,47,3,346.13,3,3,3,333,3,9
14732.0,8,10,2012.84,5,5,5,555,0,15
14733.0,9,15,1441.47,5,5,5,555,0,15
14735.0,4,27,2315.4,5,5,5,555,0,15
14737.0,4,2,123.3,5,3,1,531,3,9
14738.0,43,7,952.1400000000001,3,5,4,354,3,12
14739.0,2,7,350.1,5,5,3,553,3,13
14740.0,191,4,1268.81,1,4,5,145,1,10
14741.0,12,6,934.34,5,5,4,554,3,14
14744.0,16,6,211.03,4,5,2,452,3,11
14745.0,113,5,975.1,2,4,4,244,3,10
14747.0,249,1,176.95000000000002,1,1,2,112,1,4
14748.0,29,6,1323.03,4,5,5,455,3,14
14752.0,44,1,30.0,3,1,1,311,3,5
14753.0,87,1,526.75,2,1,3,213,3,6
14754.0,45,2,608.3,3,3,4,334,3,10
14755.0,10,12,3167.66,5,5,5,555,0,15
14756.0,15,1,577.36,4,1,4,414,3,9
14757.0,75,1,314.38,2,1,3,213,3,6
14758.0,145,4,711.82,2,4,4,244,3,10
14759.0,5,3,1073.07,5,3,4,534,3,12
14760.0,297,1,89.2,1,1,1,111,1,3
14761.0,59,2,158.10000000000002,3,3,2,332,3,8
14762.0,264,1,277.12,1,1,2,112,1,4
14764.0,47,1,79.8,3,1,1,311,3,5
14765.0,29,3,159.76,4,3,2,432,3,9
14766.0,8,6,1960.22,5,5,5,555,3,15
14768.0,127,1,80.10000000000001,2,1,1,211,3,4
14769.0,3,10,7997.65,5,5,5,555,0,15
14770.0,232,2,622.37,1,3,4,134,1,8
14772.0,112,1,126.50999999999999,2,1,1,211,3,4
14775.0,58,3,778.62,3,3,4,334,3,10
14776.0,51,13,1206.66,3,5,5,355,3,13
14777.0,4,2,-17.45,5,3,1,531,3,9
14778.0,127,2,485.26,2,3,3,233,3,8
14779.0,281,3,187.55,1,3,2,132,1,6
14780.0,55,2,400.88,3,3,3,333,3,9
14782.0,320,1,110.10000000000001,1,1,1,111,1,3
14784.0,26,2,190.76000000000002,4,3,2,432,3,9
14785.0,15,1,39.480000000000004,4,1,1,411,3,6
14788.0,7,2,431.07,5,3,3,533,3,11
14789.0,29,1,109.8,4,1,1,411,3,6
14790.0,17,4,554.46,4,4,4,444,3,12
14792.0,64,2,0.0,3,3,1,331,3,7
14793.0,4,2,214.14,5,3,2,532,3,10
14794.0,3,7,960.56,5,5,4,554,3,14
14795.0,166,1,4.25,2,1,1,211,1,4
14796.0,1,24,6407.68,5,5,5,555,0,15
14798.0,53,3,173.74,3,3,2,332,3,8
14799.0,51,1,32.720000000000006,3,1,1,311,3,5
14800.0,48,15,3193.17,3,5,5,355,0,13
14801.0,61,1,180.84,3,1,2,312,3,6
14803.0,162,3,228.45000000000002,2,3,2,232,1,7
14804.0,9,1,126.72,5,1,1,511,3,7
14805.0,15,4,186.5,4,4,2,442,3,10
14806.0,75,1,66.0,2,1,1,211,3,4
14808.0,40,9,1291.6,3,5,5,355,3,13
14810.0,41,11,2035.53,3,5,5,355,0,13
14813.0,370,2,110.93,1,3,1,131,1,5
14815.0,37,2,737.22,3,3,4,334,3,10
14816.0,197,1,11.9,1,1,1,111,1,3
14817.0,200,2,920.48,1,3,4,134,1,8
14818.0,74,3,390.05,2,3,3,233,3,8
14819.0,64,2,176.07,3,3,2,332,3,8
14820.0,21,4,423.79,4,4,3,443,3,11
14821.0,367,1,48.800000000000004,1,1,1,111,1,3
14823.0,180,3,217.18,1,3,2,132,1,6
14824.0,10,4,235.26000000000002,5,4,2,542,3,11
14825.0,4,12,1735.79,5,5,5,555,0,15
14828.0,254,1,10.08,1,1,1,111,1,3
14829.0,29,6,627.93,4,5,4,454,3,13
14830.0,53,1,180.63,3,1,2,312,3,6
14834.0,18,8,1014.75,4,5,4,454,3,13
14836.0,10,3,102.44999999999999,5,3,1,531,3,9
14837.0,90,5,1605.2,2,4,5,245,3,11
14840.0,268,1,62.85,1,1,1,111,1,3
14841.0,53,6,1970.93,3,5,5,355,3,13
14842.0,35,7,2049.7200000000003,3,5,5,355,3,13
14844.0,64,4,1705.99,3,4,5,345,3,12
14847.0,149,1,165.3,2,1,2,212,1,5
14849.0,22,27,5468.38,4,5,5,455,0,14
14850.0,312,1,317.25,1,1,3,113,1,5
14851.0,23,2,416.55,4,3,3,433,3,10
14852.0,58,6,2107.06,3,5,5,355,3,13
14853.0,24,2,88.5,4,3,1,431,3,8
14854.0,78,8,1690.74,2,5,5,255,3,12
14855.0,135,1,91.85,2,1,1,211,3,4
14856.0,36,3,899.09,3,3,4,334,3,10
14857.0,60,3,923.7,3,3,4,334,3,10
14859.0,13,5,805.64,4,4,4,444,3,12
14860.0,9,2,107.17999999999999,5,3,1,531,3,9
14861.0,52,1,43.77,3,1,1,311,3,5
14862.0,26,2,727.62,4,3,4,434,3,11
14863.0,29,1,202.07999999999998,4,1,2,412,3,7
14865.0,7,2,43.08,5,3,1,531,3,9
14866.0,74,2,56.480000000000004,2,3,1,231,3,6
14867.0,186,3,477.22,1,3,3,133,1,7
14868.0,3,9,2292.19,5,5,5,555,0,15
14869.0,4,3,595.27,5,3,4,534,3,12
14870.0,262,1,196.75,1,1,2,112,1,4
14871.0,3,4,501.28000000000003,5,4,3,543,3,12
14873.0,210,1,346.93,1,1,3,113,1,5
14875.0,9,4,605.3,5,4,4,544,3,13
14878.0,13,9,1015.79,4,5,4,454,3,13
14880.0,77,3,525.09,2,3,3,233,3,8
14881.0,20,1,221.2,4,1,2,412,3,7
14882.0,27,2,107.4,4,3,1,431,3,8
14883.0,19,7,682.24,4,5,4,454,3,13
14885.0,132,1,40.8,2,1,1,211,3,4
14886.0,253,1,325.0,1,1,3,113,1,5
14888.0,207,1,328.7,1,1,3,113,1,5
14889.0,336,1,135.9,1,1,2,112,1,4
14890.0,254,1,125.65,1,1,1,111,1,3
14891.0,148,2,468.1,2,3,3,233,1,8
14893.0,10,2,1044.63,5,3,4,534,3,12
14894.0,85,1,351.8,2,1,3,213,3,6
14895.0,8,21,6659.29,5,5,5,555,0,15
14896.0,205,2,418.82,1,3,3,133,1,7
14897.0,8,4,632.08,5,4,4,544,3,13
14898.0,23,7,783.16,4,5,4,454,3,13
14901.0,11,9,927.01,5,5,4,554,3,14
14902.0,21,2,281.11,4,3,2,432,3,9
14903.0,21,8,2320.58,4,5,5,455,3,14
14904.0,2,2,495.92,5,3,3,533,3,11
14905.0,154,3,165.5,2,3,2,232,1,7
14907.0,3,10,2584.26,5,5,5,555,0,15
14908.0,74,1,95.7,2,1,1,211,3,4
14910.0,3,7,350.06,5,5,3,553,3,13
14911.0,1,226,69505.55,5,5,5,555,2,15
14912.0,17,2,278.77,4,3,2,432,3,9
14913.0,36,4,903.32,3,4,4,344,3,11
14915.0,91,2,158.98,2,3,2,232,3,7
14916.0,71,5,1064.37,3,4,4,344,3,11
14918.0,116,2,500.39000000000004,2,3,3,233,3,8
14920.0,213,2,780.25,1,3,4,134,1,8
14921.0,30,2,1205.73,4,3,5,435,3,12
14923.0,51,1,582.8,3,1,4,314,3,8
14924.0,246,1,120.65,1,1,1,111,1,3
14929.0,32,1,172.88,4,1,2,412,3,7
14930.0,109,3,1503.6100000000001,2,3,5,235,3,10
14931.0,5,4,567.6800000000001,5,4,4,544,3,13
14932.0,366,1,140.43,1,1,2,112,1,4
14934.0,73,3,1138.29,2,3,4,234,3,9
14936.0,9,8,4790.1,5,5,5,555,0,15
14937.0,57,3,354.19,3,3,3,333,3,9
14944.0,30,12,2296.58,4,5,5,455,0,14
14946.0,14,1,100.9,4,1,1,411,3,6
14947.0,72,2,225.9,2,3,2,232,3,7
14948.0,23,6,927.11,4,5,4,454,3,13
14950.0,19,1,193.70000000000002,4,1,2,412,3,7
14951.0,79,1,259.52,2,1,2,212,3,5
14952.0,60,9,1276.22,3,5,5,355,3,13
14953.0,25,1,202.59,4,1,2,412,3,7
14954.0,12,1,186.2,5,1,2,512,3,8
14957.0,253,1,58.49,1,1,1,111,1,3
14958.0,147,3,213.88,2,3,2,232,1,7
14959.0,59,5,607.04,3,4,4,344,3,11
14960.0,8,2,120.62,5,3,1,531,3,9
14961.0,11,12,4927.16,5,5,5,555,0,15
14962.0,271,1,14.850000000000001,1,1,1,111,1,3
14963.0,10,5,983.63,5,4,4,544,3,13
14964.0,247,1,81.75,1,1,1,111,1,3
14965.0,96,1,461.64,2,1,3,213,3,6
14966.0,15,1,167.9,4,1,2,412,3,7
14967.0,50,1,30.0,3,1,1,311,3,5
14968.0,30,1,139.09,4,1,2,412,3,7
14970.0,68,1,102.31,3,1,1,311,3,5
14971.0,35,3,808.7,3,3,4,334,3,10
14972.0,128,1,53.47,2,1,1,211,3,4
14973.0,107,3,384.28,2,3,3,233,3,8
14974.0,37,1,79.99000000000001,3,1,1,311,3,5
14975.0,57,1,38.65,3,1,1,311,3,5
14976.0,57,6,575.0600000000001,3,5,4,354,3,12
14978.0,72,5,1079.27,2,4,4,244,3,10
14981.0,246,1,102.12,1,1,1,111,1,3
14984.0,19,2,89.57000000000001,4,3,1,431,3,8
14985.0,198,2,263.34,1,3,2,132,1,6
14988.0,212,1,260.29,1,1,2,112,1,4
14995.0,39,2,203.43,3,3,2,332,3,8
14997.0,46,3,147.92000000000002,3,3,2,332,3,8
14998.0,170,2,341.87,2,3,3,233,1,8
15000.0,48,1,443.42,3,1,3,313,3,7
15002.0,116,4,1308.45,2,4,5,245,3,11
15004.0,147,1,784.0,2,1,4,214,1,7
15005.0,16,35,5502.08,4,5,5,455,0,14
15006.0,51,1,434.98,3,1,3,313,3,7
15007.0,159,1,146.96,2,1,2,212,1,5
15009.0,12,3,1114.28,5,3,4,534,3,12
15010.0,36,1,263.19,3,1,2,312,3,6
15012.0,54,2,343.19,3,3,3,333,3,9
15014.0,43,2,175.17000000000002,3,3,2,332,3,8
15016.0,173,1,100.24000000000001,2,1,1,211,1,4
15017.0,34,1,115.63,3,1,1,311,3,5
15018.0,39,3,275.36,3,3,2,332,3,8
15019.0,267,1,225.85999999999999,1,1,2,112,1,4
15021.0,9,13,1480.03,5,5,5,555,0,15
15022.0,12,3,737.67,5,3,4,534,3,12
15023.0,3,11,4429.34,5,5,5,555,0,15
15024.0,10,8,1296.08,5,5,5,555,3,15
15025.0,33,1,342.06,3,1,3,313,3,7
15026.0,80,3,343.75,2,3,3,233,3,8
15027.0,31,5,455.5,4,4,3,443,3,11
15028.0,8,4,352.94,5,4,3,543,3,12
15030.0,268,1,20.4,1,1,1,111,1,3
15031.0,4,4,468.34000000000003,5,4,3,543,3,12
15032.0,256,2,315.25,1,3,3,133,1,7
15033.0,5,11,2174.48,5,5,5,555,0,15
15034.0,16,11,2729.66,4,5,5,455,0,14
15035.0,90,1,227.29000000000002,2,1,2,212,3,5
15036.0,72,3,341.11,2,3,3,233,3,8
15038.0,43,7,366.14,3,5,3,353,3,11
15039.0,10,47,10649.42,5,5,5,555,0,15
15041.0,170,1,151.48,2,1,2,212,1,5
15042.0,199,1,46.68,1,1,1,111,1,3
15044.0,19,19,4549.1,4,5,5,455,0,14
15045.0,152,1,60.06,2,1,1,211,1,4
15046.0,9,15,1750.18,5,5,5,555,0,15
15047.0,270,1,329.7,1,1,3,113,1,5
15048.0,65,5,277.82,3,4,2,342,3,9
15049.0,274,1,1.7,1,1,1,111,1,3
15050.0,25,3,767.77,4,3,4,434,3,11
15051.0,23,3,1092.53,4,3,4,434,3,11
15052.0,319,1,127.83,1,1,1,111,1,3
15053.0,5,3,519.59,5,3,3,533,3,11
15054.0,12,2,277.95,5,3,2,532,3,10
15057.0,275,2,113.4,1,3,1,131,1,5
15058.0,25,11,1545.89,4,5,5,455,3,14
15059.0,41,11,1045.97,3,5,4,354,3,12
15060.0,8,4,268.75,5,4,2,542,3,11
15061.0,20,20,952.92,4,5,4,454,0,13
15062.0,71,4,834.38,3,4,4,344,3,11
15063.0,213,1,30.599999999999998,1,1,1,111,1,3
15065.0,38,5,2038.66,3,4,5,345,3,12
15066.0,32,2,483.29,4,3,3,433,3,10
15067.0,78,3,1175.2,2,3,5,235,3,10
15068.0,46,2,453.45,3,3,3,333,3,9
15069.0,179,1,825.48,1,1,4,114,1,6
15071.0,94,2,274.22,2,3,2,232,3,7
15073.0,10,4,614.45,5,4,4,544,3,13
15074.0,105,1,735.67,2,1,4,214,3,7
15075.0,78,1,347.62,2,1,3,213,3,6
15076.0,173,1,720.9,2,1,4,214,1,7
15078.0,7,34,6942.34,5,5,5,555,0,15
15079.0,213,4,608.61,1,4,4,144,1,9
15081.0,22,6,371.2,4,5,3,453,3,12
15083.0,257,1,62.699999999999996,1,1,1,111,1,3
15087.0,282,1,220.06,1,1,2,112,1,4
15088.0,21,3,781.97,4,3,4,434,3,11
15089.0,10,6,1867.01,5,4,5,545,3,14
15090.0,308,1,263.12,1,1,2,112,1,4
15091.0,54,2,442.96,3,3,3,333,3,9
15092.0,215,2,279.61,1,3,2,132,1,6
15093.0,18,9,672.7,4,5,4,454,3,13
15095.0,104,5,672.04,2,4,4,244,3,10
15096.0,43,1,160.09,3,1,2,312,3,6
15097.0,4,1,215.08,5,1,2,512,3,8
15099.0,84,1,238.70000000000002,2,1,2,212,3,5
15101.0,9,3,71.95,5,3,1,531,3,9
15103.0,31,2,573.46,4,3,4,434,3,11
15104.0,197,2,571.49,1,3,4,134,1,8
15105.0,18,7,1489.59,4,5,5,455,3,14
15106.0,18,5,1195.85,4,4,5,445,3,13
15107.0,330,4,104.10000000000001,1,4,1,141,1,6
15108.0,142,4,792.0500000000001,2,4,4,244,3,10
15109.0,241,2,318.7,1,3,3,133,1,7
15110.0,24,6,381.6,4,4,3,443,3,11
15111.0,29,3,1220.88,4,3,5,435,3,12
15113.0,10,2,548.07,5,3,4,534,3,12
15114.0,30,10,2559.56,4,5,5,455,0,14
15115.0,18,1,238.81,4,1,2,412,3,7
15116.0,18,4,636.32,4,4,4,444,3,12
15117.0,15,6,1145.08,4,4,4,444,3,12
15119.0,246,1,162.8,1,1,2,112,1,4
15120.0,130,2,189.79999999999998,2,3,2,232,3,7
15121.0,50,2,399.07,3,3,3,333,3,9
15122.0,85,6,1019.63,2,4,4,244,3,10
15123.0,7,2,1563.03,5,3,5,535,3,13
15124.0,23,2,126.5,4,3,1,431,3,8
15125.0,113,10,365.12,2,5,3,253,3,10
15127.0,66,1,260.13,3,1,2,312,3,6
15128.0,60,7,1234.48,3,5,5,355,3,13
15129.0,50,10,1124.57,3,5,4,354,3,12
15130.0,170,1,330.11,2,1,3,213,1,6
15132.0,18,5,791.69,4,4,4,444,3,12
15133.0,128,3,288.26,2,3,3,233,3,8
15134.0,15,8,1065.25,4,5,4,454,3,13
15135.0,233,2,127.15,1,3,1,131,1,5
15136.0,3,5,1185.25,5,4,5,545,3,14
15139.0,240,2,169.84,1,3,2,132,1,6
15140.0,52,8,1213.84,3,5,5,355,3,13
15142.0,46,1,327.02,3,1,3,313,3,7
15143.0,226,1,239.55,1,1,2,112,1,4
15144.0,8,16,2630.76,5,5,5,555,0,15
15145.0,4,4,814.73,5,4,4,544,3,13
15146.0,165,3,1151.02,2,3,4,234,1,9
15147.0,219,2,367.15,1,3,3,133,1,7
15148.0,11,1,301.29,5,1,3,513,3,9
15149.0,134,1,200.55,2,1,2,212,3,5
15150.0,17,10,4592.19,4,5,5,455,0,14
15152.0,10,15,3606.48,5,5,5,555,0,15
15153.0,31,1,251.82,4,1,2,412,3,7
15154.0,74,2,153.28,2,3,2,232,3,7
15156.0,1,3,714.99,5,3,4,534,3,12
15157.0,4,4,1305.91,5,4,5,545,3,14
15158.0,45,1,69.36,3,1,1,311,3,5
15159.0,2,31,8955.31,5,5,5,555,0,15
15160.0,357,1,51.96,1,1,1,111,1,3
15163.0,18,2,209.47,4,3,2,432,3,9
15164.0,69,3,759.08,3,3,4,334,3,10
15165.0,373,1,362.7,1,1,3,113,1,5
15167.0,321,1,134.4,1,1,1,111,1,3
15168.0,26,1,58.86,4,1,1,411,3,6
15172.0,9,5,1385.88,5,4,5,545,3,14
15174.0,323,1,120.63,1,1,1,111,1,3
15175.0,72,1,212.5,2,1,2,212,3,5
15178.0,260,1,40.5,1,1,1,111,1,3
15179.0,18,4,1101.14,4,4,4,444,3,12
15180.0,367,1,87.5,1,1,1,111,1,3
15181.0,175,3,45.39999999999999,2,3,1,231,1,6
15182.0,154,2,605.85,2,3,4,234,1,9
15184.0,29,2,283.45,4,3,2,432,3,9
15185.0,70,1,139.92000000000002,3,1,2,312,3,6
15186.0,14,2,349.85,4,3,3,433,3,10
15187.0,2,9,969.1999999999999,5,5,4,554,3,14
15189.0,4,38,1269.53,5,5,5,555,0,15
15192.0,120,3,539.4,2,3,4,234,3,9
15193.0,61,1,195.35,3,1,2,312,3,6
15194.0,3,22,3884.01,5,5,5,555,0,15
15197.0,9,4,408.34,5,4,3,543,3,12
15198.0,92,2,193.64,2,3,2,232,3,7
15199.0,236,2,81.75,1,3,1,131,1,5
15201.0,79,10,999.11,2,5,4,254,3,11
15203.0,26,6,1757.4,4,4,5,445,3,13
15204.0,357,1,51.3,1,1,1,111,1,3
15205.0,85,3,420.84,2,3,3,233,3,8
15206.0,146,2,53.10000000000001,2,3,1,231,1,6
15208.0,1,6,440.07,5,4,3,543,3,12
15210.0,225,1,211.2,1,1,2,112,1,4
15211.0,60,2,670.9100000000001,3,3,4,334,3,10
15212.0,239,2,59.099999999999994,1,3,1,131,1,5
15213.0,319,3,325.05,1,3,3,133,1,7
15214.0,2,8,1497.14,5,5,5,555,3,15
15215.0,45,4,481.09000000000003,3,4,3,343,3,10
15216.0,88,1,33.0,2,1,1,211,3,4
15218.0,11,9,1445.1000000000001,5,5,5,555,3,15
15219.0,176,1,31.6,2,1,1,211,1,4
15220.0,52,7,1495.41,3,5,5,355,3,13
15221.0,370,1,-5.9,1,1,1,111,1,3
15223.0,226,3,186.60000000000002,1,3,2,132,1,6
15224.0,358,3,148.88,1,3,2,132,1,6
15225.0,234,1,344.70000000000005,1,1,3,113,1,5
15226.0,311,1,128.91,1,1,1,111,1,3
15227.0,37,5,851.22,3,4,4,344,3,11
15228.0,66,5,1963.84,3,4,5,345,3,12
15230.0,241,1,310.8,1,1,3,113,1,5
15232.0,113,2,358.06,2,3,3,233,3,8
15234.0,277,1,187.88,1,1,2,112,1,4
15235.0,218,12,2015.51,1,5,5,155,1,11
15236.0,299,1,231.05,1,1,2,112,1,4
15237.0,2,4,1252.38,5,4,5,545,3,14
15238.0,29,5,648.38,4,4,4,444,3,12
15239.0,10,3,733.42,5,3,4,534,3,12
15240.0,45,7,1094.7,3,5,4,354,3,12
15241.0,67,8,1297.09,3,5,5,355,3,13
15243.0,74,1,316.68,2,1,3,213,3,6
15244.0,65,2,494.37,3,3,3,333,3,9
15245.0,134,3,1261.26,2,3,5,235,3,10
15246.0,238,2,458.1,1,3,3,133,1,7
15247.0,122,1,45.199999999999996,2,1,1,211,3,4
15249.0,32,15,5644.16,4,5,5,455,0,14
15251.0,81,2,-35.99,2,3,1,231,3,6
15252.0,36,2,740.78,3,3,4,334,3,10
15253.0,16,6,844.39,4,4,4,444,3,12
15254.0,127,1,253.32,2,1,2,212,3,5
15255.0,67,1,639.95,3,1,4,314,3,8
15256.0,149,1,98.45,2,1,1,211,1,4
15257.0,283,1,40.2,1,1,1,111,1,3
15258.0,169,2,386.76,2,3,3,233,1,8
15260.0,100,6,1307.0800000000002,2,4,5,245,3,11
15261.0,135,1,254.82,2,1,2,212,3,5
15262.0,324,1,161.95000000000002,1,1,2,112,1,4
15263.0,107,1,139.51,2,1,2,212,3,5
15264.0,64,1,393.74,3,1,3,313,3,7
15265.0,151,2,995.4,2,3,4,234,1,9
15266.0,338,1,47.7,1,1,1,111,1,3
15270.0,108,6,423.01000000000005,2,4,3,243,3,9
15271.0,7,15,2100.09,5,5,5,555,0,15
15272.0,57,2,502.26,3,3,3,333,3,9
15274.0,4,2,681.77,5,3,4,534,3,12
15275.0,31,2,467.34000000000003,4,3,3,433,3,10
15276.0,66,1,95.38,3,1,1,311,3,5
15277.0,47,1,117.78,3,1,1,311,3,5
15279.0,355,2,227.35,1,3,2,132,1,6
15280.0,172,1,87.62,2,1,1,211,1,4
15281.0,59,12,1823.3300000000002,3,5,5,355,0,13
15287.0,22,3,251.84,4,3,2,432,3,9
15288.0,43,5,680.17,3,4,4,344,3,11
15289.0,29,4,684.78,4,4,4,444,3,12
15290.0,5,21,2202.07,5,5,5,555,0,15
15291.0,26,13,938.66,4,5,4,454,3,13
15292.0,201,1,111.69,1,1,1,111,1,3
15296.0,44,10,2759.57,3,5,5,355,0,13
15297.0,10,4,618.04,5,4,4,544,3,13
15298.0,2,11,2598.82,5,5,5,555,0,15
15299.0,240,1,-6.01,1,1,1,111,1,3
15300.0,64,1,454.44,3,1,3,313,3,7
15301.0,51,13,2982.75,3,5,5,355,0,13
15303.0,290,1,444.42,1,1,3,113,1,5
15304.0,61,6,188.90000000000003,3,4,2,342,3,9
15306.0,64,3,854.02,3,3,4,334,3,10
15307.0,96,1,119.20000000000002,2,1,1,211,3,4
15308.0,271,2,210.05,1,3,2,132,1,6
15311.0,1,112,10502.4,5,5,5,555,2,15
15312.0,75,5,752.5,2,4,4,244,3,10
15314.0,199,1,314.05,1,1,3,113,1,5
15315.0,64,2,475.21999999999997,3,3,3,333,3,9
15318.0,4,1,237.5,5,1,2,512,3,8
15319.0,284,1,145.0,1,1,2,112,1,4
15320.0,44,1,189.03,3,1,2,312,3,6
15321.0,49,4,1557.3600000000001,3,4,5,345,3,12
15322.0,64,2,506.79,3,3,3,333,3,9
15325.0,104,1,161.74,2,1,2,212,3,5
15326.0,334,1,311.71,1,1,3,113,1,5
15327.0,53,1,125.1,3,1,1,311,3,5
15329.0,35,5,799.5,3,4,4,344,3,11
15330.0,32,1,29.759999999999998,4,1,1,411,3,6
15332.0,370,3,233.1,1,3,2,132,1,6
15333.0,208,1,184.9,1,1,2,112,1,4
15334.0,157,3,340.87,2,3,3,233,1,8
15335.0,54,1,161.72,3,1,2,312,3,6
15339.0,66,3,524.96,3,3,3,333,3,9
15342.0,116,2,376.81,2,3,3,233,3,8
15343.0,87,1,153.7,2,1,2,212,3,5
15344.0,32,3,176.13,4,3,2,432,3,9
15345.0,35,2,224.49,3,3,2,332,3,8
15346.0,333,1,252.42000000000002,1,1,2,112,1,4
15347.0,366,1,81.60000000000001,1,1,1,111,1,3
15348.0,72,1,158.04,2,1,2,212,3,5
15349.0,158,2,357.46,2,3,3,233,1,8
15350.0,373,1,115.65,1,1,1,111,1,3
15351.0,12,10,1471.58,5,5,5,555,3,15
15353.0,255,2,497.87,1,3,3,133,1,7
15355.0,29,2,189.3,4,3,2,432,3,9
15356.0,31,10,2680.48,4,5,5,455,0,14
15358.0,5,28,7112.11,5,5,5,555,0,15
15360.0,40,1,192.58,3,1,2,312,3,6
15361.0,362,1,100.2,1,1,1,111,1,3
15363.0,373,1,270.5,1,1,2,112,1,4
15364.0,96,2,412.07,2,3,3,233,3,8
15365.0,26,8,1425.24,4,5,5,455,3,14
15366.0,75,2,529.94,2,3,3,233,3,8
15367.0,57,5,1417.1,3,4,5,345,3,12
15370.0,71,5,1302.3,3,4,5,345,3,12
15373.0,8,10,1089.51,5,5,4,554,3,14
15374.0,129,1,25.200000000000003,2,1,1,211,3,4
15376.0,40,3,1081.01,3,3,4,334,3,10
15379.0,169,7,2843.79,2,5,5,255,1,12
15380.0,9,5,200.64,5,4,2,542,3,11
15381.0,268,1,103.5,1,1,1,111,1,3
15382.0,15,7,4338.92,4,5,5,455,0,14
15384.0,170,3,506.65999999999997,2,3,3,233,1,8
15385.0,40,1,142.46,3,1,2,312,3,6
15386.0,186,1,370.74,1,1,3,113,1,5
15388.0,270,1,140.54,1,1,2,112,1,4
15392.0,5,4,1030.33,5,4,4,544,3,13
15393.0,16,2,191.3,4,3,2,432,3,9
15394.0,10,4,1457.69,5,4,5,545,3,14
15395.0,326,1,74.55000000000001,1,1,1,111,1,3
15396.0,113,1,153.28,2,1,2,212,3,5
15397.0,290,1,94.0,1,1,1,111,1,3
15398.0,16,3,1277.73,4,3,5,435,3,12
15399.0,1,3,719.05,5,3,4,534,3,12
15400.0,128,2,50.2,2,3,1,231,3,6
15402.0,149,2,396.81,2,3,3,233,1,8
15405.0,189,1,25.94,1,1,1,111,1,3
15406.0,22,3,325.84000000000003,4,3,3,433,3,10
15407.0,34,4,585.24,3,4,4,344,3,11
15408.0,264,1,121.98,1,1,1,111,1,3
15410.0,84,8,1829.41,2,5,5,255,3,12
15411.0,26,5,960.2,4,4,4,444,3,12
15412.0,171,1,49.79,2,1,1,211,1,4
15414.0,10,3,513.69,5,3,3,533,3,11
15415.0,313,1,465.09000000000003,1,1,3,113,1,5
15416.0,65,4,2742.68,3,4,5,345,3,12
15417.0,85,1,508.8,2,1,3,213,3,6
15419.0,25,1,84.74,4,1,1,411,3,6
15421.0,59,4,856.94,3,4,4,344,3,11
15422.0,323,2,97.7,1,3,1,131,1,5
15423.0,38,1,7.5,3,1,1,311,3,5
15424.0,254,2,259.14,1,3,2,132,1,6
15426.0,19,7,1007.22,4,5,4,454,3,13
15427.0,33,3,1254.35,3,3,5,335,3,11
15428.0,15,1,75.06,4,1,1,411,3,6
15429.0,27,2,321.68,4,3,3,433,3,10
15432.0,23,1,171.19,4,1,2,412,3,7
15433.0,79,3,463.3,2,3,3,233,3,8
15434.0,8,6,802.36,5,4,4,544,3,13
15435.0,22,1,109.94,4,1,1,411,3,6
15436.0,12,3,911.15,5,3,4,534,3,12
15437.0,262,1,183.71,1,1,2,112,1,4
15438.0,131,1,137.13,2,1,2,212,3,5
15440.0,55,3,307.18,3,3,3,333,3,9
15443.0,2,7,2626.88,5,5,5,555,0,15
15444.0,9,2,1253.81,5,3,5,535,3,13
15445.0,264,1,68.1,1,1,1,111,1,3
15447.0,331,1,129.67,1,1,1,111,1,3
15448.0,313,1,405.04,1,1,3,113,1,5
15449.0,26,5,899.96,4,4,4,444,3,12
15450.0,30,1,388.94,4,1,3,413,3,8
15452.0,30,3,492.83,4,3,3,433,3,10
15453.0,2,7,1160.12,5,5,5,555,3,15
15454.0,362,1,157.2,1,1,2,112,1,4
15456.0,283,3,356.17,1,3,3,133,1,7
15457.0,262,1,217.17,1,1,2,112,1,4
15458.0,25,1,103.32,4,1,1,411,3,6
15460.0,354,1,167.16,1,1,2,112,1,4
15462.0,94,3,144.6,2,3,2,232,3,7
15463.0,29,1,119.3,4,1,1,411,3,6
15464.0,338,1,713.25,1,1,4,114,1,6
15465.0,20,18,565.39,4,5,4,454,0,13
15466.0,85,1,324.58,2,1,3,213,3,6
15467.0,9,4,440.13,5,4,3,543,3,12
15468.0,43,3,375.01,3,3,3,333,3,9
15469.0,50,3,277.95,3,3,2,332,3,8
15471.0,2,1,356.13,5,1,3,513,3,9
15472.0,113,1,335.15999999999997,2,1,3,213,3,6
15475.0,77,1,406.31,2,1,3,213,3,6
15478.0,40,2,394.11,3,3,3,333,3,9
15480.0,116,1,539.65,2,1,4,214,3,7
15482.0,26,5,216.16000000000003,4,4,2,442,3,10
15483.0,161,4,192.76,2,4,2,242,1,8
15484.0,1,4,1798.0,5,4,5,545,3,14
15485.0,30,3,778.26,4,3,4,434,3,11
15489.0,23,4,606.14,4,4,4,444,3,12
15491.0,95,6,1825.55,2,4,5,245,3,11
15492.0,28,2,465.14,4,3,3,433,3,10
15493.0,33,5,1216.8600000000001,3,4,5,345,3,12
15494.0,21,2,930.28,4,3,4,434,3,11
15497.0,18,3,87.5,4,3,1,431,3,8
15498.0,3,26,6506.22,5,5,5,555,0,15
15500.0,8,4,837.13,5,4,4,544,3,13
15502.0,16,16,2443.48,4,5,5,455,0,14
15503.0,363,1,122.59,1,1,1,111,1,3
15504.0,81,1,52.83,2,1,1,211,3,4
15505.0,53,4,731.98,3,4,4,344,3,11
15506.0,23,3,738.21,4,3,4,434,3,11
15507.0,172,1,296.76,2,1,3,213,1,6
15508.0,189,6,726.13,1,4,4,144,1,9
15511.0,12,5,530.93,5,4,3,543,3,12
15512.0,156,2,121.0,2,3,1,231,1,6
15513.0,31,17,3085.37,4,5,5,455,0,14
15514.0,12,11,1628.33,5,5,5,555,3,15
15516.0,45,3,53.93,3,3,1,331,3,7
15517.0,233,1,246.72,1,1,2,112,1,4
15518.0,64,12,1670.32,3,5,5,355,0,13
15520.0,2,1,320.7,5,1,3,513,3,9
15521.0,37,9,1703.16,3,5,5,355,3,13
15522.0,33,2,326.65,3,3,3,333,3,9
15523.0,84,1,88.51,2,1,1,211,3,4
15525.0,2,4,562.52,5,4,4,544,3,13
15526.0,33,1,9.14,3,1,1,311,3,5
15527.0,19,9,1105.18,4,5,4,454,3,13
15528.0,254,1,112.87,1,1,1,111,1,3
15529.0,23,12,3503.88,4,5,5,455,0,14
15530.0,22,4,1018.4200000000001,4,4,4,444,3,12
15531.0,8,2,1596.7,5,3,5,535,3,13
15532.0,25,6,1067.34,4,4,4,444,3,12
15533.0,19,5,490.57,4,4,3,443,3,11
15535.0,173,4,251.8,2,4,2,242,1,8
15537.0,163,1,86.02,2,1,1,211,1,4
15539.0,7,1,417.26,5,1,3,513,3,9
15540.0,11,1,185.22,5,1,2,512,3,8
15541.0,114,1,85.13000000000001,2,1,1,211,3,4
15543.0,288,1,117.91,1,1,1,111,1,3
15544.0,9,11,3475.01,5,5,5,555,0,15
15545.0,54,2,229.37,3,3,2,332,3,8
15547.0,7,13,3768.83,5,5,5,555,0,15
15549.0,77,3,1143.55,2,3,4,234,3,9
15550.0,4,4,434.78,5,4,3,543,3,12
15551.0,37,1,230.31,3,1,2,312,3,6
15552.0,217,1,90.12,1,1,1,111,1,3
15553.0,60,1,382.63,3,1,3,313,3,7
15554.0,278,1,130.4,1,1,1,111,1,3
15555.0,12,20,3871.72,5,5,5,555,0,15
15556.0,24,1,201.37,4,1,2,412,3,7
15557.0,29,1,236.66000000000003,4,1,2,412,3,7
15561.0,12,5,264.39,5,4,2,542,3,11
15563.0,9,4,966.58,5,4,4,544,3,13
15565.0,50,2,123.66000000000001,3,3,1,331,3,7
15567.0,19,1,59.7,4,1,1,411,3,6
15568.0,3,3,624.79,5,3,4,534,3,12
15569.0,132,2,59.160000000000004,2,3,1,231,3,6
15570.0,7,13,3061.33,5,5,5,555,0,15
15571.0,12,4,326.0,5,4,3,543,3,12
15572.0,5,7,1559.03,5,5,5,555,3,15
15573.0,32,2,414.3,4,3,3,433,3,10
15574.0,178,4,438.65000000000003,2,4,3,243,1,9
15576.0,38,1,441.33,3,1,3,313,3,7
15577.0,151,3,209.53,2,3,2,232,1,7
15578.0,162,1,79.55,2,1,1,211,1,4
15579.0,69,2,209.85,3,3,2,332,3,8
15581.0,131,11,553.53,2,5,4,254,3,11
15582.0,25,3,663.01,4,3,4,434,3,11
15584.0,24,5,564.96,4,4,4,444,3,12
15585.0,177,1,399.8,2,1,3,213,1,6
15587.0,50,2,61.199999999999996,3,3,1,331,3,7
15589.0,256,3,413.73,1,3,3,133,1,7
15592.0,47,1,314.66,3,1,3,313,3,7
15593.0,71,1,45.0,3,1,1,311,3,5
15594.0,16,6,1604.65,4,4,5,445,3,13
15596.0,101,9,1006.29,2,5,4,254,3,11
15597.0,30,2,315.71999999999997,4,3,3,433,3,10
15598.0,35,3,218.68,3,3,2,332,3,8
15599.0,27,2,653.6899999999999,4,3,4,434,3,11
15601.0,11,17,4996.07,5,5,5,555,0,15
15602.0,8,8,390.15,5,5,3,553,3,13
15604.0,52,1,216.39,3,1,2,312,3,6
15605.0,36,5,894.13,3,4,4,344,3,11
15606.0,61,10,866.23,3,5,4,354,3,12
15607.0,337,1,87.76,1,1,1,111,1,3
15608.0,60,3,800.16,3,3,4,334,3,10
15609.0,183,2,257.28000000000003,1,3,2,132,1,6
15610.0,52,1,112.46000000000001,3,1,1,311,3,5
15611.0,10,11,473.23,5,5,3,553,3,13
15612.0,36,2,90.9,3,3,1,331,3,7
15615.0,10,24,5589.07,5,5,5,555,0,15
15618.0,33,5,710.131,3,4,4,344,3,11
15620.0,50,6,1179.17,3,4,5,345,3,12
15621.0,4,2,61.85,5,3,1,531,3,9
15622.0,3,14,2663.11,5,5,5,555,0,15
15623.0,141,1,229.43,2,1,2,212,3,5
15624.0,117,4,511.5,2,4,3,243,3,9
15625.0,100,8,973.92,2,5,4,254,3,11
15626.0,75,2,562.56,2,3,4,234,3,9
15628.0,5,10,2540.14,5,5,5,555,0,15
15630.0,45,3,827.8,3,3,4,334,3,10
15632.0,16,9,1932.25,4,5,5,455,3,14
15634.0,17,1,227.65,4,1,2,412,3,7
15636.0,90,2,363.46000000000004,2,3,3,233,3,8
15637.0,53,1,223.36,3,1,2,312,3,6
15639.0,134,1,178.02,2,1,2,212,3,5
15640.0,4,15,6683.13,5,5,5,555,0,15
15641.0,105,4,1567.1200000000001,2,4,5,245,3,11
15643.0,179,6,269.85,1,4,2,142,1,7
15644.0,166,4,732.09,2,4,4,244,1,10
15645.0,19,1,434.11,4,1,3,413,3,8
15646.0,158,3,364.57000000000005,2,3,3,233,1,8
15648.0,204,4,411.35,1,4,3,143,1,8
15651.0,37,3,384.65999999999997,3,3,3,333,3,9
15652.0,91,1,243.29,2,1,2,212,3,5
15653.0,116,1,48.0,2,1,1,211,3,4
15654.0,9,2,257.01,5,3,2,532,3,10
15655.0,233,2,451.67,1,3,3,133,1,7
15656.0,45,4,569.4,3,4,4,344,3,11
15657.0,23,1,30.0,4,1,1,411,3,6
15658.0,190,5,561.15,1,4,4,144,1,9
15659.0,44,1,77.85,3,1,1,311,3,5
15660.0,25,10,1239.19,4,5,5,455,3,14
15661.0,317,1,19.8,1,1,1,111,1,3
15663.0,106,1,124.1,2,1,1,211,3,4
15664.0,51,2,202.51,3,3,2,332,3,8
15665.0,168,2,1816.05,2,3,5,235,1,10
15667.0,40,1,136.56,3,1,2,312,3,6
15669.0,40,5,390.75,3,4,3,343,3,10
15670.0,297,1,157.15,1,1,2,112,1,4
15671.0,26,6,1001.31,4,4,4,444,3,12
15673.0,88,4,1925.9,2,4,5,245,3,11
15674.0,73,5,1576.56,2,4,5,245,3,11
15675.0,81,3,216.16,2,3,2,232,3,7
15676.0,9,5,2584.65,5,4,5,545,3,14
15677.0,49,1,496.78,3,1,3,313,3,7
15678.0,53,1,165.5,3,1,2,312,3,6
15679.0,24,4,690.98,4,4,4,444,3,12
15680.0,9,3,1108.39,5,3,4,534,3,12
15681.0,25,5,894.46,4,4,4,444,3,12
15683.0,117,1,152.95,2,1,2,212,3,5
15687.0,9,10,2263.38,5,5,5,555,0,15
15689.0,120,2,118.2,2,3,1,231,3,6
15690.0,4,2,154.68,5,3,2,532,3,10
15692.0,28,1,191.04,4,1,2,412,3,7
15694.0,8,9,481.0,5,5,3,553,3,13
15695.0,267,2,357.81,1,3,3,133,1,7
15696.0,33,11,2184.16,3,5,5,355,0,13
15699.0,18,1,201.0,4,1,2,412,3,7
15700.0,172,3,539.18,2,3,4,234,1,9
15701.0,2,4,1175.66,5,4,5,545,3,14
15703.0,265,1,104.4,1,1,1,111,1,3
15704.0,140,4,1087.11,2,4,4,244,3,10
15705.0,201,1,19.5,1,1,1,111,1,3
15706.0,65,4,654.8100000000001,3,4,4,344,3,11
15707.0,35,4,748.76,3,4,4,344,3,11
15708.0,41,10,2374.35,3,5,5,355,0,13
15709.0,284,1,69.65,1,1,1,111,1,3
15712.0,9,4,743.3000000000001,5,4,4,544,3,13
15713.0,143,2,213.5,2,3,2,232,3,7
15714.0,12,2,212.93,5,3,2,532,3,10
15716.0,146,4,824.64,2,4,4,244,3,10
15717.0,234,1,150.3,1,1,2,112,1,4
15719.0,33,14,4590.97,3,5,5,355,0,13
15720.0,24,1,423.03000000000003,4,1,3,413,3,8
15721.0,12,1,388.1,5,1,3,513,3,9
15722.0,36,5,753.36,3,4,4,344,3,11
15723.0,365,1,137.0,1,1,2,112,1,4
15724.0,201,3,212.3,1,3,2,132,1,6
15725.0,15,1,382.25,4,1,3,413,3,8
15727.0,17,7,3655.41,4,5,5,455,0,14
15728.0,49,1,-9.3,3,1,1,311,3,5
15729.0,213,1,85.0,1,1,1,111,1,3
15730.0,66,4,931.41,3,4,4,344,3,11
15732.0,212,2,202.20000000000002,1,3,2,132,1,6
15733.0,283,1,112.4,1,1,1,111,1,3
15734.0,115,2,222.6,2,3,2,232,3,7
15737.0,23,9,874.34,4,5,4,454,3,13
15738.0,19,19,1942.48,4,5,5,455,0,14
15739.0,66,1,77.6,3,1,1,311,3,5
15740.0,49,1,126.80000000000001,3,1,1,311,3,5
15743.0,16,4,565.76,4,4,4,444,3,12
15744.0,78,1,6.959999999999999,2,1,1,211,3,4
15745.0,9,6,806.19,5,4,4,544,3,13
15746.0,134,1,182.96,2,1,2,212,3,5
15747.0,13,3,631.09,4,3,4,434,3,11
15748.0,40,1,134.41,3,1,2,312,3,6
15750.0,3,9,2156.9,5,5,5,555,0,15
15752.0,40,8,2535.62,3,5,5,355,0,13
15754.0,51,4,455.67,3,4,3,343,3,10
15755.0,1,8,2031.1200000000001,5,5,5,555,3,15
15756.0,61,4,454.41,3,4,3,343,3,10
15757.0,66,2,672.88,3,3,4,334,3,10
15758.0,25,1,205.25,4,1,2,412,3,7
15759.0,297,2,77.24000000000001,1,3,1,131,1,5
15762.0,65,2,482.95000000000005,3,3,3,333,3,9
15763.0,32,2,602.87,4,3,4,434,3,11
15764.0,81,10,2477.77,2,5,5,255,0,12
15766.0,64,1,90.06,3,1,1,311,3,5
15768.0,116,3,331.03,2,3,3,233,3,8
15773.0,6,1,128.8,5,1,1,511,3,7
15774.0,69,1,189.75,3,1,2,312,3,6
15775.0,245,1,87.9,1,1,1,111,1,3
15776.0,133,1,164.13,2,1,2,212,3,5
15777.0,241,2,162.66,1,3,2,132,1,6
15780.0,184,3,402.08,1,3,3,133,1,7
15781.0,25,4,243.01000000000002,4,4,2,442,3,10
15782.0,10,3,257.52,5,3,2,532,3,10
15783.0,11,1,165.62,5,1,2,512,3,8
15785.0,30,7,837.1,4,5,4,454,3,13
15786.0,44,5,3815.3,3,4,5,345,0,12
15787.0,26,3,752.56,4,3,4,434,3,11
15789.0,358,1,297.65999999999997,1,1,3,113,1,5
15790.0,10,1,143.43,5,1,2,512,3,8
15791.0,44,2,1093.02,3,3,4,334,3,10
15795.0,150,1,495.52,2,1,3,213,1,6
15796.0,1,9,1909.26,5,5,5,555,3,15
15799.0,76,3,675.44,2,3,4,234,3,9
15800.0,107,2,588.69,2,3,4,234,3,9
15801.0,46,4,946.44,3,4,4,344,3,11
15803.0,51,1,75.9,3,1,1,311,3,5
15804.0,1,17,3320.4,5,5,5,555,0,15
15805.0,23,18,4282.9,4,5,5,455,0,14
15806.0,46,3,371.22,3,3,3,333,3,9
15807.0,50,2,718.9,3,3,4,334,3,10
15808.0,306,5,1928.8200000000002,1,4,5,145,1,10
15809.0,36,5,287.28,3,4,3,343,3,10
15810.0,79,7,1179.95,2,5,5,255,3,12
15811.0,17,8,1892.13,4,5,5,455,3,14
15812.0,107,3,220.78,2,3,2,232,3,7
15813.0,208,2,389.26,1,3,3,133,1,7
15814.0,17,4,765.85,4,4,4,444,3,12
15815.0,64,3,155.28000000000003,3,3,2,332,3,8
15819.0,49,4,1728.57,3,4,5,345,3,12
15820.0,320,1,116.97999999999999,1,1,1,111,1,3
15821.0,44,2,396.86,3,3,3,333,3,9
15822.0,3,2,426.12,5,3,3,533,3,11
15823.0,337,1,-30.0,1,1,1,111,1,3
15825.0,172,1,159.84,2,1,2,212,1,5
15826.0,51,4,1002.9,3,4,4,344,3,11
15827.0,73,20,1393.78,2,5,5,255,0,12
15829.0,99,2,517.8199999999999,2,3,3,233,3,8
15830.0,29,2,451.0,4,3,3,433,3,10
15831.0,58,3,344.62,3,3,3,333,3,9
15832.0,254,1,821.49,1,1,4,114,1,6
15834.0,70,4,1477.53,3,4,5,345,3,12
15835.0,44,4,802.09,3,4,4,344,3,11
15836.0,50,1,49.97,3,1,1,311,3,5
15837.0,65,1,300.23,3,1,3,313,3,7
15838.0,25,1,17.28,4,1,1,411,3,6
15839.0,25,5,949.91,4,4,4,444,3,12
15840.0,59,3,307.9,3,3,3,333,3,9
15841.0,64,6,468.56,3,4,3,343,3,10
15843.0,304,1,80.70000000000002,1,1,1,111,1,3
15844.0,46,1,108.83999999999999,3,1,1,311,3,5
15845.0,18,9,2193.25,4,5,5,455,3,14
15847.0,38,2,278.04,3,3,2,332,3,8
15850.0,19,2,202.97,4,3,2,432,3,9
15852.0,197,1,52.21,1,1,1,111,1,3
15853.0,52,1,110.8,3,1,1,311,3,5
15854.0,4,11,981.1800000000001,5,5,4,554,3,14
15855.0,137,5,672.64,2,4,4,244,3,10
15856.0,4,27,5318.64,5,5,5,555,0,15
15857.0,19,1,174.6,4,1,2,412,3,7
15858.0,16,5,972.88,4,4,4,444,3,12
15860.0,41,8,754.76,3,5,4,354,3,12
15861.0,12,7,2751.17,5,5,5,555,0,15
15862.0,8,4,616.73,5,4,4,544,3,13
15863.0,26,2,42.44,4,3,1,431,3,8
15864.0,67,4,86.45,3,4,1,341,3,8
15865.0,41,3,311.38,3,3,3,333,3,9
15866.0,101,1,161.49,2,1,2,212,3,5
15867.0,5,16,2251.2,5,5,5,555,0,15
15869.0,277,2,119.4,1,3,1,131,1,5
15870.0,33,1,334.69,3,1,3,313,3,7
15872.0,15,2,268.2,4,3,2,432,3,9
15874.0,63,9,785.69,3,5,4,354,3,12
15877.0,2,2,376.18,5,3,3,533,3,11
15880.0,369,1,292.18,1,1,3,113,1,5
15881.0,312,5,107.28999999999999,1,4,1,141,1,6
15882.0,199,3,182.4,1,3,2,132,1,6
15883.0,2,2,348.28,5,3,3,533,3,11
15885.0,93,1,258.55,2,1,2,212,3,5
15886.0,60,1,104.5,3,1,1,311,3,5
15888.0,80,2,64.77,2,3,1,231,3,6
15889.0,157,2,333.67,2,3,3,233,1,8
15891.0,227,1,394.32,1,1,3,113,1,5
15894.0,253,2,176.05,1,3,2,132,1,6
15895.0,150,1,21.85,2,1,1,211,1,4
15897.0,194,2,90.53,1,3,1,131,1,5
15898.0,1,6,541.81,5,4,4,544,3,13
15899.0,369,1,43.5,1,1,1,111,1,3
15900.0,24,1,337.28,4,1,3,413,3,8
15901.0,17,3,272.76,4,3,2,432,3,9
15903.0,26,5,492.42,4,4,3,443,3,11
15904.0,8,1,128.23,5,1,1,511,3,7
15906.0,20,7,1120.59,4,5,4,454,3,13
15907.0,4,3,757.32,5,3,4,534,3,12
15909.0,174,1,69.53999999999999,2,1,1,211,1,4
15910.0,1,8,1154.23,5,5,4,554,3,14
15912.0,178,2,254.67000000000002,2,3,2,232,1,7
15916.0,16,9,1009.38,4,5,4,454,3,13
15917.0,248,1,60.550000000000004,1,1,1,111,1,3
15918.0,191,2,334.23,1,3,3,133,1,7
15919.0,20,2,483.74,4,3,3,433,3,10
15920.0,154,4,158.55,2,4,2,242,1,8
15921.0,173,1,151.06,2,1,2,212,1,5
15922.0,372,2,161.70000000000002,1,3,2,132,1,6
15923.0,373,1,78.3,1,1,1,111,1,3
15925.0,194,1,168.9,1,1,2,112,1,4
15930.0,67,1,393.63,3,1,3,313,3,7
15932.0,4,9,1138.13,5,5,4,554,3,14
15933.0,21,3,990.0500000000001,4,3,4,434,3,11
15935.0,239,1,91.04,1,1,1,111,1,3
15937.0,64,1,145.35,3,1,2,312,3,6
15938.0,112,5,237.58,2,4,2,242,3,8
15939.0,90,12,440.48999999999995,2,5,3,253,3,10
15940.0,311,1,-4.0,1,1,1,111,1,3
15942.0,134,1,178.14,2,1,2,212,3,5
15944.0,277,1,68.9,1,1,1,111,1,3
15945.0,365,1,13.6,1,1,1,111,1,3
15947.0,83,1,160.64000000000001,2,1,2,212,3,5
15948.0,8,2,931.84,5,3,4,534,3,12
15949.0,17,2,349.6,4,3,3,433,3,10
15950.0,2,5,1216.06,5,4,5,545,3,14
15951.0,9,2,583.27,5,3,4,534,3,12
15952.0,34,4,670.0400000000001,3,4,4,344,3,11
15953.0,15,9,853.02,4,5,4,454,3,13
15955.0,24,15,2700.26,4,5,5,455,0,14
15957.0,32,1,348.64,4,1,3,413,3,8
15958.0,74,1,44.4,2,1,1,211,3,4
15963.0,20,2,394.76,4,3,3,433,3,10
15965.0,17,4,693.0,4,4,4,444,3,12
15967.0,23,2,352.28,4,3,3,433,3,10
15969.0,3,3,272.7,5,3,2,532,3,10
15970.0,304,1,114.9,1,1,1,111,1,3
15971.0,67,6,148.25,3,4,2,342,3,9
15973.0,367,1,34.4,1,1,1,111,1,3
15974.0,39,8,2483.85,3,5,5,355,3,13
15975.0,84,1,371.01,2,1,3,213,3,6
15976.0,165,2,375.78000000000003,2,3,3,233,1,8
15977.0,17,2,579.32,4,3,4,434,3,11
15978.0,77,1,732.34,2,1,4,214,3,7
15980.0,89,2,309.59999999999997,2,3,3,233,3,8
15981.0,25,7,1289.28,4,5,5,455,3,14
15983.0,22,4,963.91,4,4,4,444,3,12
15984.0,3,10,1602.24,5,5,5,555,3,15
15985.0,123,2,452.18,2,3,3,233,3,8
15986.0,30,1,126.11999999999999,4,1,1,411,3,6
15987.0,12,5,506.44,5,4,3,543,3,12
15988.0,19,1,112.13,4,1,1,411,3,6
15990.0,44,2,514.8100000000001,3,3,3,333,3,9
15992.0,4,1,27.04,5,1,1,511,3,7
15993.0,9,9,2228.93,5,5,5,555,0,15
15994.0,55,1,244.85,3,1,2,312,3,6
15996.0,88,6,792.23,2,4,4,244,3,10
15998.0,37,6,2458.31,3,4,5,345,3,12
16003.0,30,5,1404.77,4,4,5,445,3,13
16005.0,12,4,470.06,5,4,3,543,3,12
16006.0,211,1,101.4,1,1,1,111,1,3
16007.0,48,4,1592.6200000000001,3,4,5,345,3,12
16008.0,24,3,428.26,4,3,3,433,3,10
16009.0,44,2,563.2,3,3,4,334,3,10
16010.0,246,3,354.05,1,3,3,133,1,7
16011.0,8,16,2829.58,5,5,5,555,0,15
16012.0,35,3,711.32,3,3,4,334,3,10
16013.0,8,8,798.9,5,5,4,554,3,14
16014.0,36,4,545.33,3,4,4,344,3,11
16015.0,4,4,552.0,5,4,4,544,3,13
16016.0,3,8,1246.56,5,5,5,555,3,15
16017.0,47,1,172.03,3,1,2,312,3,6
16018.0,39,2,237.54,3,3,2,332,3,8
16019.0,2,10,1946.33,5,5,5,555,0,15
16020.0,17,3,707.01,4,3,4,434,3,11
16022.0,260,1,489.78000000000003,1,1,3,113,1,5
16023.0,46,3,548.86,3,3,4,334,3,10
16024.0,12,1,224.39,5,1,2,512,3,8
16025.0,30,1,423.15999999999997,4,1,3,413,3,8
16026.0,43,1,236.09,3,1,2,312,3,6
16027.0,137,3,64.75,2,3,1,231,3,6
16029.0,81,3,91.8,2,3,1,231,3,6
16030.0,310,1,312.85,1,1,3,113,1,5
16031.0,92,2,434.05,2,3,3,233,3,8
16033.0,6,25,6563.32,5,5,5,555,0,15
16034.0,196,3,335.7,1,3,3,133,1,7
16036.0,87,2,607.69,2,3,4,234,3,9
16037.0,270,3,629.52,1,3,4,134,1,8
16038.0,8,4,424.48,5,4,3,543,3,12
16040.0,65,3,891.5,3,3,4,334,3,10
16042.0,22,5,1095.27,4,4,4,444,3,12
16043.0,38,4,527.94,3,4,3,343,3,10
16045.0,120,4,1049.4,2,4,4,244,3,10
16048.0,373,2,54.839999999999996,1,3,1,131,1,5
16049.0,40,3,973.99,3,3,4,334,3,10
16050.0,174,1,77.48,2,1,1,211,1,4
16052.0,54,1,262.98,3,1,2,312,3,6
16053.0,33,2,1075.45,3,3,4,334,3,10
16054.0,145,1,608.5600000000001,2,1,4,214,3,7
16055.0,221,1,78.0,1,1,1,111,1,3
16056.0,45,1,485.85,3,1,3,313,3,7
16057.0,4,10,1875.97,5,5,5,555,3,15
16059.0,66,6,1303.51,3,4,5,345,3,12
16062.0,10,4,571.52,5,4,4,544,3,13
16063.0,260,1,335.32,1,1,3,113,1,5
16065.0,365,1,317.84000000000003,1,1,3,113,1,5
16066.0,17,5,761.29,4,4,4,444,3,12
16070.0,22,2,419.78999999999996,4,3,3,433,3,10
16071.0,45,1,299.29,3,1,3,313,3,7
16072.0,288,1,93.6,1,1,1,111,1,3
16076.0,3,9,1488.16,5,5,5,555,3,15
16079.0,17,3,98.34,4,3,1,431,3,8
16080.0,82,2,135.0,2,3,2,232,3,7
16081.0,56,5,2241.21,3,4,5,345,3,12
16083.0,101,2,327.98,2,3,3,233,3,8
16084.0,299,1,351.68,1,1,3,113,1,5
16085.0,23,5,852.4,4,4,4,444,3,12
16086.0,59,6,487.5,3,4,3,343,3,10
16091.0,155,2,315.06,2,3,3,233,1,8
16092.0,115,4,744.0600000000001,2,4,4,244,3,10
16093.0,107,1,17.0,2,1,1,211,3,4
16094.0,12,6,793.23,5,4,4,544,3,13
16096.0,264,1,85.62,1,1,1,111,1,3
16097.0,240,1,110.4,1,1,1,111,1,3
16098.0,88,7,668.67,2,5,4,254,3,11
16099.0,50,3,607.1,3,3,4,334,3,10
16101.0,9,3,1229.46,5,3,5,535,3,13
16102.0,42,3,875.74,3,3,4,334,3,10
16103.0,80,4,395.3,2,4,3,243,3,9
16104.0,62,1,239.41,3,1,2,312,3,6
16105.0,249,1,165.6,1,1,2,112,1,4
16106.0,66,1,108.38,3,1,1,311,3,5
16107.0,29,4,195.3,4,4,2,442,3,10
16108.0,85,1,811.58,2,1,4,214,3,7
16109.0,219,1,147.12,1,1,2,112,1,4
16110.0,45,3,1232.15,3,3,5,335,3,11
16112.0,143,2,100.7,2,3,1,231,3,6
16113.0,183,1,110.15,1,1,1,111,1,3
16114.0,171,1,135.75000000000003,2,1,2,212,1,5
16115.0,10,8,1512.38,5,5,5,555,3,15
16116.0,212,1,446.98,1,1,3,113,1,5
16117.0,190,1,195.31,1,1,2,112,1,4
16119.0,8,2,317.16,5,3,3,533,3,11
16120.0,59,3,213.1,3,3,2,332,3,8
16121.0,57,2,817.51,3,3,4,334,3,10
16122.0,73,4,342.18,2,4,3,243,3,9
16123.0,52,1,215.28,3,1,2,312,3,6
16124.0,316,2,102.4,1,3,1,131,1,5
16125.0,367,1,228.45000000000002,1,1,2,112,1,4
16126.0,29,4,933.4300000000001,4,4,4,444,3,12
16127.0,39,1,609.45,3,1,4,314,3,8
16128.0,18,5,1498.27,4,4,5,445,3,13
16131.0,52,4,555.3199999999999,3,4,4,344,3,11
16133.0,4,38,2907.05,5,5,5,555,0,15
16134.0,22,3,571.89,4,3,4,434,3,11
16135.0,263,1,313.7,1,1,3,113,1,5
16136.0,60,3,535.94,3,3,3,333,3,9
16139.0,19,3,546.3100000000001,4,3,4,434,3,11
16140.0,53,3,456.93,3,3,3,333,3,9
16141.0,88,1,430.70000000000005,2,1,3,213,3,6
16142.0,250,1,356.04,1,1,3,113,1,5
16143.0,3,7,1893.17,5,5,5,555,3,15
16145.0,9,18,2957.64,5,5,5,555,0,15
16146.0,204,2,446.73,1,3,3,133,1,7
16147.0,134,1,243.08,2,1,2,212,3,5
16149.0,5,2,251.24,5,3,2,532,3,10
16150.0,39,10,1654.97,3,5,5,355,3,13
16152.0,269,1,30.0,1,1,1,111,1,3
16153.0,50,5,1463.53,3,4,5,345,3,12
16156.0,9,11,2096.32,5,5,5,555,0,15
16157.0,16,4,298.1,4,4,3,443,3,11
16159.0,282,1,303.2,1,1,3,113,1,5
16160.0,64,2,-15.99,3,2,1,321,3,6
16161.0,2,24,4332.18,5,5,5,555,0,15
16162.0,252,1,11.9,1,1,1,111,1,3
16163.0,365,1,50.1,1,1,1,111,1,3
16164.0,17,3,528.6,4,3,3,433,3,10
16168.0,11,20,1435.77,5,5,5,555,0,15
16169.0,8,4,1233.84,5,4,5,545,3,14
16170.0,51,7,1547.09,3,5,5,355,3,13
16171.0,59,1,73.2,3,1,1,311,3,5
16172.0,95,5,932.91,2,4,4,244,3,10
16173.0,16,7,1120.72,4,5,4,454,3,13
16174.0,126,2,273.4,2,2,2,222,3,6
16175.0,94,4,885.09,2,4,4,244,3,10
16177.0,50,1,179.35,3,1,2,312,3,6
16178.0,138,1,150.1,2,1,2,212,3,5
16179.0,61,1,135.88,3,1,2,312,3,6
16180.0,100,10,1753.03,2,5,5,255,3,12
16181.0,73,1,163.94,2,1,2,212,3,5
16182.0,72,1,72.8,2,1,1,211,3,4
16183.0,67,1,255.31,3,1,2,312,3,6
16184.0,64,7,591.41,3,5,4,354,3,12
16185.0,17,2,473.26,4,2,3,423,3,9
16186.0,23,13,3323.18,4,5,5,455,0,14
16187.0,32,15,4039.15,4,5,5,455,0,14
16188.0,45,4,871.27,3,4,4,344,3,11
16189.0,16,2,125.57999999999998,4,2,1,421,3,7
16190.0,40,1,94.99000000000001,3,1,1,311,3,5
16191.0,3,21,1196.4,5,5,5,555,0,15
16193.0,237,1,280.63,1,1,2,112,1,4
16198.0,75,1,286.281,2,1,2,212,3,5
16200.0,4,2,854.4200000000001,5,2,4,524,3,11
16201.0,3,5,1723.17,5,4,5,545,3,14
16202.0,361,1,247.52,1,1,2,112,1,4
16203.0,59,5,589.15,3,4,4,344,3,11
16204.0,23,1,384.18,4,1,3,413,3,8
16205.0,31,4,519.93,4,4,3,443,3,11
16206.0,55,4,431.90999999999997,3,4,3,343,3,10
16207.0,25,1,218.58,4,1,2,412,3,7
16208.0,45,2,534.06,3,2,3,323,3,8
16209.0,89,4,625.48,2,4,4,244,3,10
16210.0,2,14,1030.82,5,5,4,554,0,14
16211.0,81,2,285.37,2,2,2,222,3,6
16212.0,19,3,542.94,4,3,4,434,3,11
16213.0,79,1,82.5,2,1,1,211,3,4
16214.0,171,3,653.45,2,3,4,234,1,9
16215.0,81,1,186.9,2,1,2,212,3,5
16216.0,267,1,476.28000000000003,1,1,3,113,1,5
16217.0,235,4,178.19000000000003,1,4,2,142,1,7
16218.0,30,6,1029.92,4,4,4,444,3,12
16221.0,37,3,668.08,3,3,4,334,3,10
16222.0,318,1,620.7,1,1,4,114,1,6
16224.0,57,4,1072.85,3,4,4,344,3,11
16225.0,45,5,988.77,3,4,4,344,3,11
16226.0,203,3,110.4,1,3,1,131,1,5
16227.0,219,2,58.12,1,2,1,121,1,4
16229.0,87,2,573.1,2,2,4,224,3,8
16230.0,190,2,516.53,1,2,3,123,1,6
16232.0,33,5,496.18,3,4,3,343,3,10
16233.0,71,2,373.38,2,2,3,223,3,7
16235.0,41,5,586.8100000000001,3,4,4,344,3,11
16236.0,78,1,366.5,2,1,3,213,3,6
16239.0,57,3,282.3,3,3,2,332,3,8
16240.0,9,4,1786.85,5,4,5,545,3,14
16241.0,10,13,2287.15,5,5,5,555,0,15
16242.0,8,8,2879.43,5,5,5,555,0,15
16243.0,34,2,227.4,3,2,2,322,3,7
16244.0,212,2,1475.05,1,2,5,125,1,8
16245.0,24,4,1208.91,4,4,5,445,3,13
16247.0,170,1,56.28,2,1,1,211,1,4
16248.0,62,1,152.94,3,1,2,312,3,6
16249.0,53,4,762.69,3,4,4,344,3,11
16250.0,261,2,373.54,1,2,3,123,1,6
16252.0,366,1,-159.29,1,1,1,111,1,3
16253.0,67,2,1184.68,3,2,5,325,3,10
16255.0,17,10,2170.0,4,5,5,455,0,14
16256.0,267,1,58.95,1,1,1,111,1,3
16258.0,45,4,1676.25,3,4,5,345,3,12
16260.0,51,1,175.75,3,1,2,312,3,6
16261.0,17,4,597.09,4,4,4,444,3,12
16262.0,361,1,-11.75,1,1,1,111,1,3
16265.0,9,11,3663.41,5,5,5,555,0,15
16266.0,74,7,557.99,2,5,4,254,3,11
16268.0,71,2,495.2,2,2,3,223,3,7
16270.0,353,1,685.99,1,1,4,114,1,6
16271.0,16,5,1132.7,4,4,4,444,3,12
16272.0,117,1,411.7,2,1,3,213,3,6
16274.0,373,1,195.45,1,1,2,112,1,4
16275.0,197,1,322.12,1,1,3,113,1,5
16276.0,177,1,75.0,2,1,1,211,1,4
16278.0,94,2,195.23000000000002,2,2,2,222,3,6
16279.0,21,4,1343.05,4,4,5,445,3,13
16281.0,72,1,82.5,2,1,1,211,3,4
16282.0,340,1,129.75,1,1,1,111,1,3
16283.0,6,6,1273.21,5,4,5,545,3,14
16284.0,31,2,720.24,4,2,4,424,3,10
16287.0,170,1,125.22000000000001,2,1,1,211,1,4
16292.0,117,2,280.9,2,2,2,222,3,6
16293.0,9,11,1672.39,5,5,5,555,3,15
16295.0,10,4,967.26,5,4,4,544,3,13
16297.0,213,3,271.24,1,3,2,132,1,6
16298.0,23,3,385.2,4,3,3,433,3,10
16302.0,127,1,182.22,2,1,2,212,3,5
16303.0,26,4,2623.12,4,4,5,445,3,13
16305.0,139,1,361.21999999999997,2,1,3,213,3,6
16306.0,214,8,521.87,1,5,3,153,1,9
16309.0,106,2,523.97,2,2,3,223,3,7
16311.0,18,2,568.89,4,2,4,424,3,10
16313.0,3,2,203.57,5,2,2,522,3,9
16315.0,331,1,155.52,1,1,2,112,1,4
16316.0,64,8,1673.97,3,5,5,355,3,13
16317.0,120,3,1010.63,2,3,4,234,3,9
16318.0,35,1,265.15000000000003,3,1,2,312,3,6
16320.0,172,2,877.64,2,2,4,224,1,8
16321.0,72,6,146.55,2,4,2,242,3,8
16322.0,1,2,306.85,5,2,3,523,3,10
16324.0,128,3,369.89,2,3,3,233,3,8
16325.0,47,3,268.84000000000003,3,3,2,332,3,8
16326.0,6,14,1168.42,5,5,5,555,0,15
16327.0,14,6,2888.51,4,4,5,445,3,13
16330.0,18,4,112.96000000000001,4,4,1,441,3,9
16332.0,28,8,1166.3,4,5,5,455,3,14
16337.0,37,1,133.15,3,1,1,311,3,5
16338.0,157,1,105.35,2,1,1,211,1,4
16339.0,284,1,30.45,1,1,1,111,1,3
16340.0,107,1,465.44,2,1,3,213,3,6
16341.0,25,6,944.68,4,4,4,444,3,12
16342.0,75,3,152.36,2,3,2,232,3,7
16343.0,16,2,278.83,4,2,2,422,3,8
16344.0,158,1,35.7,2,1,1,211,1,4
16345.0,44,1,421.76,3,1,3,313,3,7
16347.0,11,2,551.28,5,2,4,524,3,11
16348.0,32,7,1128.05,4,5,4,454,3,13
16349.0,291,1,12.65,1,1,1,111,1,3
16350.0,21,5,845.45,4,4,4,444,3,12
16351.0,333,1,153.9,1,1,2,112,1,4
16352.0,18,2,494.44,4,2,3,423,3,9
16353.0,18,10,1001.4,4,5,4,454,3,13
16354.0,63,2,361.40000000000003,3,2,3,323,3,8
16356.0,198,4,210.32000000000002,1,4,2,142,1,7
16357.0,33,3,499.08,3,3,3,333,3,9
16358.0,1,5,1551.91,5,4,5,545,3,14
16359.0,7,9,417.56,5,5,3,553,3,13
16360.0,5,8,2913.05,5,5,5,555,0,15
16361.0,10,4,711.36,5,4,4,544,3,13
16362.0,32,8,535.63,4,5,3,453,3,12
16363.0,53,1,75.36,3,1,1,311,3,5
16364.0,12,2,467.64,5,2,3,523,3,10
16365.0,18,7,169.26,4,5,2,452,3,11
16366.0,19,1,281.90000000000003,4,1,2,412,3,7
16367.0,37,2,696.76,3,2,4,324,3,9
16368.0,2,2,320.27,5,2,3,523,3,10
16369.0,18,3,1228.19,4,3,5,435,3,12
16370.0,82,4,977.21,2,4,4,244,3,10
16372.0,33,2,271.48,3,2,2,322,3,7
16374.0,66,2,396.28000000000003,3,2,3,323,3,8
16376.0,9,3,667.1,5,3,4,534,3,12
16378.0,247,3,309.85,1,3,3,133,1,7
16379.0,4,4,1705.88,5,4,5,545,3,14
16380.0,61,1,103.19,3,1,1,311,3,5
16383.0,75,2,515.89,2,2,3,223,3,7
16384.0,90,2,456.3,2,2,3,223,3,7
16385.0,60,3,438.41,3,3,3,333,3,9
16386.0,29,2,273.07,4,2,2,422,3,8
16387.0,323,1,53.8,1,1,1,111,1,3
16389.0,53,4,337.61,3,4,3,343,3,10
16392.0,270,1,210.24,1,1,2,112,1,4
16393.0,2,20,2652.53,5,5,5,555,0,15
16394.0,57,8,766.64,3,5,4,354,3,12
16395.0,61,5,1270.64,3,4,5,345,3,12
16398.0,145,3,890.65,2,3,4,234,3,9
16399.0,19,2,326.0,4,2,3,423,3,9
16400.0,95,1,271.08,2,1,2,212,3,5
16401.0,1,19,2228.96,5,5,5,555,0,15
16402.0,265,2,208.6,1,2,2,122,1,5
16403.0,302,2,161.04999999999998,1,2,2,122,1,5
16404.0,70,1,296.45,3,1,3,313,3,7
16405.0,310,1,6.85,1,1,1,111,1,3
16406.0,19,1,146.4,4,1,2,412,3,7
16407.0,13,9,1599.3799999999999,4,5,5,455,3,14
16409.0,36,5,1737.14,3,4,5,345,3,12
16411.0,19,2,203.75,4,2,2,422,3,8
16412.0,54,1,135.99,3,1,2,312,3,6
16413.0,57,1,247.25,3,1,2,312,3,6
16414.0,22,2,31.6,4,2,1,421,3,7
16415.0,44,1,181.62,3,1,2,312,3,6
16416.0,27,4,708.29,4,4,4,444,3,12
16418.0,45,3,490.12,3,3,3,333,3,9
16419.0,113,6,481.53000000000003,2,4,3,243,3,9
16422.0,17,38,1604.0,4,5,5,455,0,14
16423.0,25,1,268.78,4,1,2,412,3,7
16424.0,191,1,30.0,1,1,1,111,1,3
16425.0,302,1,157.4,1,1,2,112,1,4
16426.0,2,10,1559.04,5,5,5,555,3,15
16427.0,263,2,112.96,1,2,1,121,1,4
16428.0,81,1,-2.95,2,1,1,211,3,4
16429.0,106,1,4.95,2,1,1,211,3,4
16430.0,57,1,71.35,3,1,1,311,3,5
16431.0,213,3,547.68,1,3,4,134,1,8
16432.0,64,1,111.0,3,1,1,311,3,5
16433.0,28,1,120.66,4,1,1,411,3,6
16434.0,29,7,1113.2,4,5,4,454,3,13
16438.0,6,5,748.6,5,4,4,544,3,13
16440.0,8,5,2726.67,5,4,5,545,3,14
16441.0,67,2,358.75,3,2,3,323,3,8
16442.0,2,3,495.2,5,3,3,533,3,11
16444.0,46,5,503.92,3,4,3,343,3,10
16445.0,34,1,208.06,3,1,2,312,3,6
16446.0,206,1,2.9,1,1,1,111,1,3
16447.0,136,1,116.56,2,1,1,211,3,4
16448.0,198,1,157.49,1,1,2,112,1,4
16449.0,191,3,593.44,1,3,4,134,1,8
16450.0,150,1,160.0,2,1,2,212,1,5
16451.0,88,1,217.17000000000002,2,1,2,212,3,5
16454.0,45,2,6.9,3,2,1,321,3,6
16455.0,64,7,1841.18,3,5,5,355,3,13
16456.0,99,5,559.13,2,4,4,244,3,10
16457.0,218,1,161.56,1,1,2,112,1,4
16458.0,3,18,3016.9,5,5,5,555,0,15
16460.0,28,3,726.0,4,3,4,434,3,11
16461.0,178,1,76.67,2,1,1,211,1,4
16463.0,21,6,1276.78,4,4,5,445,3,13
16464.0,20,3,1087.25,4,3,4,434,3,11
16466.0,34,7,1268.92,3,5,5,355,3,13
16469.0,24,4,523.17,4,4,3,443,3,11
16470.0,52,5,659.95,3,4,4,344,3,11
16471.0,275,1,223.95000000000002,1,1,2,112,1,4
16473.0,165,4,247.35,2,4,2,242,1,8
16474.0,7,9,1504.46,5,5,5,555,3,15
16475.0,144,3,417.7,2,3,3,233,3,8
16477.0,64,7,2450.7200000000003,3,5,5,355,3,13
16478.0,25,2,211.66,4,2,2,422,3,8
16479.0,10,2,255.63,5,2,2,522,3,9
16480.0,76,1,374.57,2,1,3,213,3,6
16482.0,16,1,167.34,4,1,2,412,3,7
16483.0,192,1,95.7,1,1,1,111,1,3
16484.0,174,2,376.8,2,2,3,223,1,7
16485.0,77,1,279.35,2,1,2,212,3,5
16488.0,33,4,283.7,3,4,2,342,3,9
16491.0,47,1,558.44,3,1,4,314,3,8
16493.0,73,6,790.19,2,4,4,244,3,10
16494.0,297,1,642.81,1,1,4,114,1,6
16495.0,3,2,420.61,5,2,3,523,3,10
16496.0,9,4,1243.13,5,4,5,545,3,14
16497.0,50,6,1991.93,3,4,5,345,3,12
16498.0,161,3,78.17,2,3,1,231,1,6
16499.0,360,3,291.6,1,3,3,133,1,7
16500.0,5,5,235.86,5,4,2,542,3,11
16503.0,107,5,1121.73,2,4,4,244,3,10
16504.0,25,1,451.84,4,1,3,413,3,8
16506.0,20,2,90.30000000000001,4,2,1,421,3,7
16509.0,297,1,169.50000000000003,1,1,2,112,1,4
16510.0,372,1,178.54999999999998,1,1,2,112,1,4
16511.0,22,3,667.33,4,3,4,434,3,11
16513.0,19,1,509.34000000000003,4,1,3,413,3,8
16515.0,52,5,1094.88,3,4,4,344,3,11
16516.0,30,1,101.69999999999999,4,1,1,411,3,6
16517.0,277,1,154.75,1,1,2,112,1,4
16518.0,61,3,372.67,3,3,3,333,3,9
16519.0,25,2,74.38,4,2,1,421,3,7
16520.0,186,3,912.72,1,3,4,134,1,8
16523.0,2,20,2206.46,5,5,5,555,0,15
16525.0,2,20,736.49,5,5,4,554,0,14
16526.0,172,1,166.26,2,1,2,212,1,5
16527.0,81,1,219.81,2,1,2,212,3,5
16528.0,4,1,175.02,5,1,2,512,3,8
16529.0,190,1,347.40000000000003,1,1,3,113,1,5
16531.0,22,7,1050.32,4,5,4,454,3,13
16533.0,19,4,849.47,4,4,4,444,3,12
16535.0,5,1,384.63,5,1,3,513,3,9
16536.0,110,1,356.17,2,1,3,213,3,6
16539.0,3,4,617.21,5,4,4,544,3,13
16542.0,54,1,66.52,3,1,1,311,3,5
16545.0,165,1,25.200000000000003,2,1,1,211,1,4
16546.0,291,2,321.05,1,2,3,123,1,6
16549.0,10,10,3659.3,5,5,5,555,0,15
16550.0,109,9,1901.38,2,5,5,255,3,12
16551.0,96,3,338.18,2,3,3,233,3,8
16552.0,243,2,189.19000000000003,1,2,2,122,1,5
16553.0,205,5,404.55,1,4,3,143,1,8
16554.0,3,6,586.95,5,4,4,544,3,13
16555.0,35,2,269.39,3,2,2,322,3,7
16556.0,67,7,2178.0,3,5,5,355,3,13
16557.0,24,2,82.3,4,2,1,421,3,7
16558.0,1,24,5979.17,5,5,5,555,0,15
16560.0,27,2,573.46,4,2,4,424,3,10
16561.0,6,2,494.12,5,2,3,523,3,10
16563.0,54,1,205.7,3,1,2,312,3,6
16565.0,364,1,35.7,1,1,1,111,1,3
16566.0,15,6,149.82999999999998,4,4,2,442,3,10
16567.0,194,2,494.8,1,2,3,123,1,6
16569.0,3,1,31.5,5,1,1,511,3,7
16570.0,9,12,1472.36,5,5,5,555,0,15
16571.0,3,5,1176.76,5,4,5,545,3,14
16572.0,127,4,845.65,2,4,4,244,3,10
16573.0,74,4,510.76,2,4,3,243,3,9
16574.0,71,1,409.14,2,1,3,213,3,6
16581.0,183,1,105.84,1,1,1,111,1,3
16582.0,113,1,50.099999999999994,2,1,1,211,3,4
16583.0,374,1,233.45,1,1,2,112,1,4
16584.0,80,3,365.63,2,3,3,233,3,8
16586.0,249,1,48.75,1,1,1,111,1,3
16587.0,232,1,127.85000000000001,1,1,1,111,1,3
16589.0,71,3,459.24,2,3,3,233,3,8
16591.0,69,1,107.30000000000001,3,1,1,311,3,5
16592.0,4,18,3274.63,5,5,5,555,0,15
16593.0,51,2,104.47999999999999,3,2,1,321,3,6
16594.0,75,1,123.44,2,1,1,211,3,4
16595.0,61,1,341.96,3,1,3,313,3,7
16596.0,16,2,154.25,4,2,2,422,3,8
16597.0,4,1,44.24,5,1,1,511,3,7
16598.0,277,2,140.7,1,2,2,122,1,5
16600.0,4,6,658.1,5,4,4,544,3,13
16601.0,41,1,160.91,3,1,2,312,3,6
16602.0,31,2,384.9,4,2,3,423,3,9
16603.0,75,2,465.97,2,2,3,223,3,7
16607.0,18,12,2035.07,4,5,5,455,0,14
16609.0,15,9,4120.67,4,5,5,455,0,14
16610.0,219,1,75.66,1,1,1,111,1,3
16611.0,186,1,129.49,1,1,1,111,1,3
16612.0,33,4,1036.76,3,4,4,344,3,11
16613.0,70,1,586.79,3,1,4,314,3,8
16614.0,183,1,238.29000000000002,1,1,2,112,1,4
16616.0,15,2,380.92,4,2,3,423,3,9
16617.0,236,1,26.0,1,1,1,111,1,3
16618.0,31,4,1308.68,4,4,5,445,3,13
16619.0,254,2,204.41,1,2,2,122,1,5
16620.0,4,2,144.96,5,2,2,522,3,9
16621.0,52,4,282.71000000000004,3,4,2,342,3,9
16623.0,246,1,64.05000000000001,1,1,1,111,1,3
16624.0,81,2,304.19,2,2,3,223,3,7
16625.0,275,1,300.68,1,1,3,113,1,5
16626.0,1,19,1943.73,5,5,5,555,0,15
16627.0,79,1,162.38,2,1,2,212,3,5
16628.0,30,6,1629.24,4,4,5,445,3,13
16629.0,74,2,328.95,2,2,3,223,3,7
16633.0,17,7,2064.55,4,5,5,455,3,14
16634.0,372,1,119.4,1,1,1,111,1,3
16637.0,32,5,845.98,4,4,4,444,3,12
16638.0,23,11,938.84,4,5,4,454,3,13
16639.0,25,4,803.38,4,4,4,444,3,12
16641.0,106,1,123.38,2,1,1,211,3,4
16642.0,5,2,341.83,5,2,3,523,3,10
16643.0,246,1,401.31,1,1,3,113,1,5
16644.0,178,2,813.88,2,2,4,224,1,8
16647.0,170,2,142.42000000000002,2,2,2,222,1,6
16648.0,39,2,247.45999999999998,3,2,2,322,3,7
16650.0,72,1,288.78,2,1,3,213,3,6
16652.0,54,7,970.24,3,5,4,354,3,12
16653.0,16,3,947.12,4,3,4,434,3,11
16654.0,141,5,335.07,2,4,3,243,3,9
16655.0,18,6,2323.86,4,4,5,445,3,13
16656.0,35,10,133.92,3,5,1,351,3,9
16657.0,10,4,756.46,5,4,4,544,3,13
16658.0,368,1,22.14,1,1,1,111,1,3
16659.0,189,1,20.4,1,1,1,111,1,3
16660.0,16,2,205.97,4,2,2,422,3,8
16665.0,362,1,39.25,1,1,1,111,1,3
16666.0,19,1,118.98,4,1,1,411,3,6
16667.0,68,2,469.98,3,2,3,323,3,8
16668.0,15,6,247.56,4,4,2,442,3,10
16669.0,24,4,1102.18,4,4,4,444,3,12
16670.0,17,17,3428.08,4,5,5,455,0,14
16672.0,2,10,502.35,5,5,3,553,3,13
16674.0,55,2,293.84,3,2,3,323,3,8
16676.0,34,5,1015.88,3,4,4,344,3,11
16678.0,3,15,2075.3,5,5,5,555,0,15
16679.0,366,1,15.0,1,1,1,111,1,3
16680.0,43,1,149.7,3,1,2,312,3,6
16681.0,78,5,369.03999999999996,2,4,3,243,3,9
16682.0,5,5,243.66,5,4,2,542,3,11
16684.0,358,1,25.44,1,1,1,111,1,3
16685.0,61,1,227.82,3,1,2,312,3,6
16686.0,47,9,2253.93,3,5,5,355,3,13
16688.0,1,4,866.18,5,4,4,544,3,13
16689.0,82,1,132.72,2,1,1,211,3,4
16690.0,72,2,156.43,2,2,2,222,3,6
16693.0,69,2,361.86,3,2,3,323,3,8
16696.0,214,2,88.50000000000001,1,2,1,121,1,4
16697.0,241,1,50.85,1,1,1,111,1,3
16700.0,9,15,4508.26,5,5,5,555,0,15
16701.0,9,13,686.98,5,5,4,554,3,14
16705.0,1,25,1989.52,5,5,5,555,0,15
16706.0,37,3,398.1,3,3,3,333,3,9
16708.0,46,1,365.23,3,1,3,313,3,7
16709.0,85,4,961.87,2,4,4,244,3,10
16710.0,19,10,2122.44,4,5,5,455,0,14
16711.0,3,2,64.68,5,2,1,521,3,8
16712.0,18,10,2523.48,4,5,5,455,0,14
16713.0,19,18,4183.52,4,5,5,455,0,14
16714.0,317,1,806.41,1,1,4,114,1,6
16715.0,78,1,99.39999999999999,2,1,1,211,3,4
16717.0,9,9,2727.83,5,5,5,555,0,15
16718.0,369,1,435.73,1,1,3,113,1,5
16719.0,15,8,1260.22,4,5,5,455,3,14
16720.0,26,1,114.28,4,1,1,411,3,6
16721.0,262,1,292.47,1,1,3,113,1,5
16722.0,17,16,2682.17,4,5,5,455,0,14
16723.0,108,1,246.99,2,1,2,212,3,5
16725.0,302,8,573.98,1,5,4,154,1,10
16726.0,26,5,1132.15,4,4,4,444,3,12
16727.0,364,1,256.32,1,1,2,112,1,4
16728.0,46,4,838.78,3,4,4,344,3,11
16729.0,36,25,5942.41,3,5,5,355,0,13
16730.0,52,3,627.87,3,3,4,334,3,10
16732.0,32,1,381.63,4,1,3,413,3,8
16734.0,52,3,462.16,3,3,3,333,3,9
16735.0,79,7,1576.6000000000001,2,5,5,255,3,12
16738.0,298,1,3.75,1,1,1,111,1,3
16739.0,172,2,131.75,2,2,1,221,1,5
16742.0,47,1,-7.5,3,1,1,311,3,5
16743.0,29,8,1884.8,4,5,5,455,3,14
16744.0,11,7,1034.02,5,5,4,554,3,14
16745.0,87,17,3311.08,2,5,5,255,0,12
16746.0,5,19,4966.43,5,5,5,555,0,15
16747.0,25,4,581.63,4,4,4,444,3,12
16748.0,18,5,1045.3,4,4,4,444,3,12
16750.0,45,5,414.13,3,4,3,343,3,10
16751.0,31,1,216.01999999999998,4,1,2,412,3,7
16752.0,373,1,77.7,1,1,1,111,1,3
16753.0,58,1,115.72,3,1,1,311,3,5
16755.0,114,5,1144.34,2,4,4,244,3,10
16756.0,215,1,213.9,1,1,2,112,1,4
16757.0,319,1,106.83000000000001,1,1,1,111,1,3
16758.0,65,1,168.26,3,1,2,312,3,6
16759.0,8,3,593.3,5,3,4,534,3,12
16761.0,97,1,195.9,2,1,2,212,3,5
16762.0,20,3,937.99,4,3,4,434,3,11
16763.0,199,1,287.45,1,1,3,113,1,5
16764.0,4,18,2506.35,5,5,5,555,0,15
16766.0,273,2,572.6,1,2,4,124,1,7
16767.0,31,10,2978.51,4,5,5,455,0,14
16768.0,48,5,211.59,3,4,2,342,3,9
16769.0,260,1,206.19,1,1,2,112,1,4
16770.0,58,5,683.0500000000001,3,4,4,344,3,11
16771.0,33,5,1819.19,3,4,5,345,3,12
16773.0,57,1,106.89,3,1,1,311,3,5
16774.0,68,5,514.22,3,4,3,343,3,10
16775.0,10,11,1137.46,5,5,4,554,3,14
16776.0,60,1,311.59000000000003,3,1,3,313,3,7
16777.0,80,2,134.32,2,2,1,221,3,5
16778.0,74,2,228.94,2,2,2,222,3,6
16779.0,2,27,3723.44,5,5,5,555,0,15
16780.0,100,2,386.79,2,2,3,223,3,7
16781.0,365,2,215.15,1,2,2,122,1,5
16782.0,10,18,1667.0500000000002,5,5,5,555,0,15
16784.0,20,1,60.0,4,1,1,411,3,6
16788.0,123,2,575.94,2,2,4,224,3,8
16789.0,8,1,80.8,5,1,1,511,3,7
16790.0,4,8,1459.88,5,5,5,555,3,15
16791.0,29,8,1398.88,4,5,5,455,3,14
16792.0,282,1,87.68,1,1,1,111,1,3
16793.0,57,1,226.84,3,1,2,312,3,6
16794.0,1,12,1095.64,5,5,4,554,3,14
16795.0,365,1,392.18,1,1,3,113,1,5
16796.0,89,1,256.12,2,1,2,212,3,5
16800.0,11,1,817.98,5,1,4,514,3,10
16801.0,163,5,469.8,2,4,3,243,1,9
16803.0,65,1,332.3,3,1,3,313,3,7
16804.0,23,3,445.84000000000003,4,3,3,433,3,10
16805.0,174,2,365.31,2,2,3,223,1,7
16806.0,103,4,567.56,2,4,4,244,3,10
16807.0,143,3,934.6899999999999,2,3,4,234,3,9
16808.0,99,2,161.77,2,2,2,222,3,6
16809.0,23,6,880.64,4,4,4,444,3,12
16810.0,192,1,230.24,1,1,2,112,1,4
16811.0,5,2,464.23,5,2,3,523,3,10
16812.0,361,1,204.15,1,1,2,112,1,4
16813.0,8,10,1385.57,5,5,5,555,3,15
16814.0,14,21,3244.12,4,5,5,455,0,14
16816.0,103,4,401.16,2,4,3,243,3,9
16817.0,3,13,1157.01,5,5,4,554,3,14
16818.0,11,12,2869.9,5,5,5,555,0,15
16820.0,96,1,415.94,2,1,3,213,3,6
16823.0,227,1,269.68,1,1,2,112,1,4
16824.0,16,2,357.74,4,2,3,423,3,9
16825.0,39,2,379.88,3,2,3,323,3,8
16826.0,51,1,279.45,3,1,2,312,3,6
16828.0,112,1,113.5,2,1,1,211,3,4
16829.0,157,1,181.32,2,1,2,212,1,5
16830.0,39,1,325.91,3,1,3,313,3,7
16832.0,217,1,39.0,1,1,1,111,1,3
16833.0,1,4,749.88,5,4,4,544,3,13
16834.0,228,1,413.46,1,1,3,113,1,5
16835.0,128,2,133.15,2,2,1,221,3,5
16836.0,40,2,175.55,3,2,2,322,3,7
16837.0,31,10,2000.8,4,5,5,455,3,14
16838.0,197,3,307.39,1,3,3,133,1,7
16839.0,9,29,2023.27,5,5,5,555,0,15
16841.0,37,6,1328.3,3,4,5,345,3,12
16842.0,64,4,931.74,3,4,4,344,3,11
16843.0,43,17,4775.12,3,5,5,355,0,13
16846.0,50,1,197.82,3,1,2,312,3,6
16847.0,43,1,176.94,3,1,2,312,3,6
16848.0,53,1,234.62,3,1,2,312,3,6
16849.0,187,1,84.77,1,1,1,111,1,3
16850.0,334,1,317.29,1,1,3,113,1,5
16851.0,4,3,282.69,5,3,2,532,3,10
16852.0,10,2,70.96000000000001,5,2,1,521,3,8
16855.0,24,2,285.8,4,2,2,422,3,8
16856.0,15,1,35.400000000000006,4,1,1,411,3,6
16858.0,366,2,62.60000000000001,1,2,1,121,1,4
16859.0,106,4,418.66,2,4,3,243,3,9
16861.0,60,3,108.39000000000001,3,3,1,331,3,7
16863.0,31,3,437.43,4,3,3,433,3,10
16866.0,141,2,18.240000000000002,2,2,1,221,3,5
16869.0,23,4,690.79,4,4,4,444,3,12
16871.0,22,6,1829.44,4,4,5,445,3,13
16873.0,5,9,4363.08,5,5,5,555,0,15
16875.0,64,9,1600.17,3,5,5,355,3,13
16877.0,12,6,772.77,5,4,4,544,3,13
16878.0,25,2,0.0,4,2,1,421,3,7
16880.0,31,7,767.77,4,5,4,454,3,13
16882.0,67,3,489.87,3,3,3,333,3,9
16883.0,187,2,208.78,1,2,2,122,1,5
16884.0,38,2,399.96,3,2,3,323,3,8
16885.0,15,3,326.26,4,3,3,433,3,10
16887.0,35,1,167.58,3,1,2,312,3,6
16889.0,195,3,1234.24,1,3,5,135,1,9
16891.0,2,5,615.9300000000001,5,4,4,544,3,13
16892.0,1,6,355.24,5,4,3,543,3,12
16893.0,367,1,126.03,1,1,1,111,1,3
16895.0,65,1,175.12,3,1,2,312,3,6
16897.0,299,3,122.88000000000001,1,3,1,131,1,5
16898.0,26,3,441.54,4,3,3,433,3,10
16899.0,8,6,811.56,5,4,4,544,3,13
16900.0,12,4,702.69,5,4,4,544,3,13
16902.0,116,1,511.39,2,1,3,213,3,6
16903.0,29,1,326.8,4,1,3,413,3,8
16904.0,4,14,2590.73,5,5,5,555,0,15
16905.0,5,7,1665.02,5,5,5,555,3,15
16906.0,82,4,332.58000000000004,2,4,3,243,3,9
16907.0,29,5,522.25,4,4,3,443,3,11
16909.0,64,2,198.72,3,2,2,322,3,7
16910.0,4,8,1136.41,5,5,4,554,3,14
16912.0,29,13,1338.07,4,5,5,455,0,14
16913.0,290,1,14.29,1,1,1,111,1,3
16914.0,36,1,113.86,3,1,1,311,3,5
16915.0,9,5,257.3,5,4,2,542,3,11
16916.0,24,2,498.18,4,2,3,423,3,9
16917.0,277,1,62.400000000000006,1,1,1,111,1,3
16918.0,50,7,921.44,3,5,4,354,3,12
16919.0,156,11,1411.0,2,5,5,255,3,12
16921.0,61,1,145.93,3,1,2,312,3,6
16923.0,12,21,4848.78,5,5,5,555,0,15
16924.0,21,3,633.79,4,3,4,434,3,11
16926.0,371,1,33.45,1,1,1,111,1,3
16927.0,276,2,32.75,1,2,1,121,1,4
16928.0,80,18,1865.97,2,5,5,255,0,12
16929.0,4,7,1132.6100000000001,5,5,4,554,3,14
16930.0,26,3,292.17,4,3,3,433,3,10
16931.0,5,21,4190.9,5,5,5,555,0,15
16932.0,53,1,133.73000000000002,3,1,1,311,3,5
16933.0,1,4,290.89,5,4,3,543,3,12
16934.0,55,2,786.38,3,2,4,324,3,9
16936.0,26,1,246.11,4,1,2,412,3,7
16938.0,9,4,1712.49,5,4,5,545,3,14
16940.0,52,3,2751.19,3,3,5,335,3,11
16942.0,13,10,1457.05,4,5,5,455,3,14
16943.0,212,3,431.18,1,3,3,133,1,7
16945.0,22,19,3881.64,4,5,5,455,0,14
16947.0,236,1,339.48,1,1,3,113,1,5
16948.0,139,2,114.8,2,2,1,221,3,5
16949.0,4,6,587.72,5,4,4,544,3,13
16950.0,57,2,355.2,3,2,3,323,3,8
16951.0,123,4,1110.06,2,4,4,244,3,10
16952.0,109,2,101.75999999999999,2,2,1,221,3,5
16953.0,30,1,20.8,4,1,1,411,3,6
16954.0,1,7,672.21,5,5,4,554,3,14
16955.0,185,4,373.87,1,4,3,143,1,8
16956.0,9,2,223.59,5,2,2,522,3,9
16957.0,239,2,214.24,1,2,2,122,1,5
16959.0,87,1,117.35000000000001,2,1,1,211,3,4
16960.0,39,3,488.6,3,3,3,333,3,9
16961.0,116,1,234.17,2,1,2,212,3,5
16963.0,187,1,110.55000000000001,1,1,1,111,1,3
16965.0,227,1,117.4,1,1,1,111,1,3
16966.0,43,5,31.549999999999997,3,4,1,341,3,8
16967.0,189,1,305.09999999999997,1,1,3,113,1,5
16968.0,4,2,370.73,5,2,3,523,3,10
16969.0,39,3,522.2,3,3,3,333,3,9
16971.0,38,1,116.21,3,1,1,311,3,5
16978.0,78,1,294.43,2,1,3,213,3,6
16979.0,4,6,772.53,5,4,4,544,3,13
16980.0,255,2,667.11,1,2,4,124,1,7
16982.0,61,1,384.06,3,1,3,313,3,7
16983.0,13,8,1119.37,4,5,4,454,3,13
16984.0,88,4,2717.46,2,4,5,245,3,11
16985.0,17,10,1125.88,4,5,4,454,3,13
16986.0,30,1,20.8,4,1,1,411,3,6
16987.0,3,6,794.64,5,4,4,544,3,13
16988.0,5,1,67.87,5,1,1,511,3,7
16989.0,98,1,33.0,2,1,1,211,3,4
16992.0,11,6,1260.06,5,4,5,545,3,14
16995.0,372,1,-1.25,1,1,1,111,1,3
16996.0,30,9,705.7800000000001,4,5,4,454,3,13
16997.0,309,1,78.0,1,1,1,111,1,3
16998.0,150,4,7.42,2,4,1,241,1,7
16999.0,23,2,289.92,4,2,3,423,3,9
17001.0,1,11,2278.66,5,5,5,555,0,15
17002.0,73,4,744.35,2,4,4,244,3,10
17004.0,46,2,254.24,3,2,2,322,3,7
17006.0,5,4,499.98,5,4,3,543,3,12
17007.0,51,7,589.16,3,5,4,354,3,12
17010.0,17,2,122.46000000000001,4,2,1,421,3,7
17011.0,30,1,270.9,4,1,2,412,3,7
17014.0,8,3,425.98,5,3,3,533,3,11
17015.0,29,3,1743.84,4,3,5,435,3,12
17017.0,3,25,3058.75,5,5,5,555,0,15
17018.0,41,1,60.300000000000004,3,1,1,311,3,5
17019.0,11,4,1031.28,5,4,4,544,3,13
17022.0,31,1,71.0,4,1,1,411,3,6
17024.0,99,2,56.25,2,2,1,221,3,5
17025.0,61,3,99.65,3,3,1,331,3,7
17026.0,370,1,20.4,1,1,1,111,1,3
17027.0,79,6,778.78,2,4,4,244,3,10
17030.0,64,1,115.95,3,1,1,311,3,5
17031.0,12,2,317.95,4,2,3,423,3,9
17033.0,86,3,348.36,2,3,3,233,3,8
17034.0,16,4,276.31,4,4,2,442,3,10
17035.0,246,3,272.23,1,3,2,132,1,6
17037.0,78,2,1168.22,2,2,5,225,3,9
17038.0,30,1,88.25,4,1,1,411,3,6
17040.0,138,1,159.78,2,1,2,212,3,5
17041.0,27,4,938.77,4,4,4,444,3,12
17042.0,3,5,839.92,5,4,4,544,3,13
17043.0,32,4,1105.38,4,4,4,444,3,12
17044.0,9,2,-34.1,5,2,1,521,3,8
17045.0,113,2,210.24,2,2,2,222,3,6
17046.0,157,1,248.6,2,1,2,212,1,5
17047.0,85,3,882.9,2,3,4,234,3,9
17048.0,118,5,711.57,2,4,4,244,3,10
17049.0,3,10,3851.17,5,5,5,555,0,15
17050.0,96,6,2433.09,2,4,5,245,3,11
17051.0,194,1,230.94,1,1,2,112,1,4
17052.0,28,1,305.08,4,1,3,413,3,8
17053.0,129,2,177.3,2,2,2,222,3,6
17054.0,28,6,727.38,4,4,4,444,3,12
17058.0,82,3,843.6800000000001,2,3,4,234,3,9
17059.0,30,5,2549.16,4,4,5,445,3,13
17060.0,266,1,50.400000000000006,1,1,1,111,1,3
17061.0,74,7,630.5,2,5,4,254,3,11
17062.0,314,5,489.14,1,4,3,143,1,8
17063.0,9,9,1230.5,5,5,5,555,3,15
17064.0,59,3,681.3000000000001,3,3,4,334,3,10
17068.0,12,21,4056.44,4,5,5,455,0,14
17069.0,28,12,2106.41,4,5,5,455,0,14
17070.0,114,1,284.34,2,1,2,212,3,5
17071.0,9,14,1603.53,5,5,5,555,0,15
17073.0,18,4,1143.02,4,4,4,444,3,12
17075.0,18,5,573.12,4,4,4,444,3,12
17076.0,36,3,158.35999999999999,3,3,2,332,3,8
17078.0,36,2,78.68,3,2,1,321,3,6
17080.0,22,2,83.67999999999999,4,2,1,421,3,7
17081.0,25,2,210.51,4,2,2,422,3,8
17082.0,33,2,888.1,3,2,4,324,3,9
17083.0,109,3,645.82,2,3,4,234,3,9
17084.0,35,2,2062.58,3,2,5,325,3,10
17085.0,123,6,1365.05,2,4,5,245,3,11
17086.0,7,6,1266.3,5,4,5,545,3,14
17088.0,28,4,1651.6100000000001,4,4,5,445,3,13
17090.0,4,6,555.34,5,4,4,544,3,13
17091.0,3,10,3267.7200000000003,5,5,5,555,0,15
17092.0,50,4,1546.84,3,4,5,345,3,12
17094.0,322,1,135.5,1,1,2,112,1,4
17095.0,23,3,836.66,4,3,4,434,3,11
17096.0,9,7,672.74,5,5,4,554,3,14
17097.0,2,9,795.97,5,5,4,554,3,14
17100.0,18,2,948.34,4,2,4,424,3,10
17101.0,52,2,341.28,3,2,3,323,3,8
17105.0,159,2,560.98,2,2,4,224,1,8
17107.0,33,5,2883.28,3,4,5,345,3,12
17109.0,29,8,675.91,4,5,4,454,3,13
17110.0,165,1,76.1,2,1,1,211,1,4
17111.0,47,1,183.39000000000001,3,1,2,312,3,6
17114.0,6,9,416.57,5,5,3,553,3,13
17115.0,8,4,516.2,5,4,3,543,3,12
17117.0,288,1,73.35,1,1,1,111,1,3
17118.0,318,1,157.02,1,1,2,112,1,4
17119.0,3,3,464.49,5,3,3,533,3,11
17120.0,233,1,222.96,1,1,2,112,1,4
17122.0,119,1,138.32,2,1,2,212,3,5
17123.0,162,1,171.0,2,1,2,212,1,5
17124.0,185,1,262.44,1,1,2,112,1,4
17125.0,50,1,158.78,3,1,2,312,3,6
17126.0,152,6,914.21,2,4,4,244,3,10
17128.0,335,1,131.59,1,1,1,111,1,3
17131.0,5,4,1520.82,5,4,5,545,3,14
17133.0,16,3,32.400000000000006,4,3,1,431,3,8
17134.0,107,2,232.35000000000002,2,2,2,222,3,6
17135.0,16,5,596.17,4,4,4,444,3,12
17138.0,276,1,288.3,1,1,3,113,1,5
17139.0,16,15,6350.32,4,5,5,455,0,14
17140.0,247,1,115.42,1,1,1,111,1,3
17142.0,239,1,119.7,1,1,1,111,1,3
17144.0,1,2,453.78000000000003,5,2,3,523,3,10
17146.0,263,2,400.98,1,2,3,123,1,6
17147.0,23,5,1119.17,4,4,4,444,3,12
17148.0,52,1,124.88,3,1,1,311,3,5
17152.0,195,2,92.7,1,2,1,121,1,4
17153.0,24,1,213.78,4,1,2,412,3,7
17154.0,75,1,299.1,2,1,3,213,3,6
17155.0,18,2,78.2,4,2,1,421,3,7
17157.0,8,3,180.19,5,3,2,532,3,10
17158.0,32,3,914.21,4,3,4,434,3,11
17159.0,22,4,1390.7,4,4,5,445,3,13
17160.0,31,6,3356.97,4,4,5,445,0,13
17162.0,29,10,1293.26,4,5,5,455,3,14
17163.0,78,1,63.7,2,1,1,211,3,4
17164.0,33,8,2335.25,3,5,5,355,3,13
17165.0,284,1,122.88,1,1,1,111,1,3
17166.0,39,3,133.24,3,3,1,331,3,7
17169.0,50,4,741.81,3,4,4,344,3,11
17171.0,289,1,159.81,1,1,2,112,1,4
17172.0,75,2,126.18,2,2,1,221,3,5
17173.0,5,6,975.72,5,4,4,544,3,13
17174.0,218,1,59.9,1,1,1,111,1,3
17175.0,44,4,850.1800000000001,3,4,4,344,3,11
17176.0,202,1,208.03,1,1,2,112,1,4
17179.0,178,3,578.04,2,3,4,234,1,9
17180.0,56,6,658.16,3,4,4,344,3,11
17181.0,57,1,44.6,3,1,1,311,3,5
17183.0,8,7,630.53,5,5,4,554,3,14
17187.0,227,1,114.35,1,1,1,111,1,3
17188.0,11,8,998.16,5,5,4,554,3,14
17189.0,106,2,264.9,2,2,2,222,3,6
17190.0,59,1,131.39000000000001,3,1,1,311,3,5
17191.0,28,7,1751.01,4,5,5,455,3,14
17193.0,36,7,176.74,3,5,2,352,3,10
17194.0,361,1,76.12,1,1,1,111,1,3
17197.0,30,1,348.46,4,1,3,413,3,8
17198.0,24,3,354.97,4,3,3,433,3,10
17201.0,54,1,155.07999999999998,3,1,2,312,3,6
17203.0,36,6,717.24,3,4,4,344,3,11
17204.0,169,9,766.3000000000001,2,5,4,254,1,11
17205.0,54,1,20.5,3,1,1,311,3,5
17206.0,53,1,159.24,3,1,2,312,3,6
17211.0,27,9,1781.38,4,5,5,455,3,14
17212.0,253,1,3.95,1,1,1,111,1,3
17213.0,40,11,2151.9500000000003,3,5,5,355,0,13
17214.0,60,6,720.07,3,4,4,344,3,11
17217.0,234,1,32.15,1,1,1,111,1,3
17218.0,4,10,1554.88,5,5,5,555,3,15
17219.0,32,1,105.98,4,1,1,411,3,6
17220.0,24,14,2785.73,4,5,5,455,0,14
17221.0,7,2,245.66,5,2,2,522,3,9
17222.0,65,1,273.0,3,1,2,312,3,6
17223.0,310,2,225.09,1,2,2,122,1,5
17226.0,309,1,148.99,1,1,2,112,1,4
17227.0,19,6,282.76,4,4,2,442,3,10
17228.0,16,8,1749.03,4,5,5,455,3,14
17229.0,96,2,308.81,2,2,3,223,3,7
17230.0,264,8,481.2,1,5,3,153,1,9
17231.0,12,12,2630.32,4,5,5,455,0,14
17232.0,3,2,417.77,5,2,3,523,3,10
17233.0,35,1,131.07,3,1,1,311,3,5
17234.0,183,1,114.04,1,1,1,111,1,3
17235.0,25,2,248.5,4,2,2,422,3,8
17236.0,13,6,739.98,4,4,4,444,3,12
17237.0,11,2,177.14000000000001,5,2,2,522,3,9
17238.0,3,17,3278.1,5,5,5,555,0,15
17239.0,313,2,182.05,1,2,2,122,1,5
17242.0,108,2,466.24,2,2,3,223,3,7
17243.0,6,27,4043.77,5,5,5,555,0,15
17244.0,53,1,249.92999999999998,3,1,2,312,3,6
17245.0,205,1,171.45,1,1,2,112,1,4
17247.0,15,1,205.99,4,1,2,412,3,7
17248.0,120,1,233.3,2,1,2,212,3,5
17250.0,4,2,237.62,5,2,2,522,3,9
17251.0,363,1,244.33,1,1,2,112,1,4
17252.0,117,2,294.31,2,2,3,223,3,7
17253.0,18,1,113.01,4,1,1,411,3,6
17254.0,5,2,235.04,5,2,2,522,3,9
17255.0,41,2,253.45,3,2,2,322,3,7
17256.0,107,2,99.6,2,2,1,221,3,5
17259.0,148,2,485.33,2,2,3,223,1,7
17262.0,227,1,12.45,1,1,1,111,1,3
17263.0,208,1,63.440000000000005,1,1,1,111,1,3
17265.0,139,2,497.21,2,2,3,223,3,7
17266.0,2,3,226.03,5,3,2,532,3,10
17267.0,127,2,209.35,2,2,2,222,3,6
17268.0,150,1,35.0,2,1,1,211,1,4
17272.0,46,4,1251.97,3,4,5,345,3,12
17274.0,35,1,81.25999999999999,3,1,1,311,3,5
17277.0,228,2,868.95,1,2,4,124,1,7
17278.0,241,1,206.09,1,1,2,112,1,4
17279.0,58,1,25.43,3,1,1,311,3,5
17282.0,174,2,355.25,2,2,3,223,1,7
17284.0,60,7,1526.43,3,5,5,355,3,13
17286.0,22,1,142.87,4,1,2,412,3,7
17287.0,26,7,694.46,4,5,4,454,3,13
17288.0,9,6,797.35,5,4,4,544,3,13
17289.0,32,3,605.37,4,3,4,434,3,11
17290.0,4,2,410.49,5,2,3,523,3,10
17293.0,8,8,1255.06,5,5,5,555,3,15
17295.0,29,3,400.12,4,3,3,433,3,10
17297.0,17,1,91.83,4,1,1,411,3,6
17298.0,101,2,187.48,2,2,2,222,3,6
17299.0,12,4,532.25,4,4,3,443,3,11
17301.0,21,1,152.84,4,1,2,412,3,7
17302.0,15,6,816.03,4,4,4,444,3,12
17303.0,361,1,192.24,1,1,2,112,1,4
17306.0,11,4,19.34,5,4,1,541,3,10
17309.0,95,1,82.75,2,1,1,211,3,4
17311.0,78,2,593.84,2,2,4,224,3,8
17312.0,155,2,96.35000000000001,2,2,1,221,1,5
17313.0,18,2,16.85,4,2,1,421,3,7
17314.0,25,11,1852.77,4,5,5,455,0,14
17315.0,1,41,3443.14,5,5,5,555,0,15
17320.0,100,3,701.6800000000001,2,3,4,234,3,9
17321.0,68,1,411.74,3,1,3,313,3,7
17323.0,15,9,894.44,4,5,4,454,3,13
17324.0,18,4,317.34,4,4,3,443,3,11
17325.0,280,1,96.8,1,1,1,111,1,3
17329.0,14,2,284.40000000000003,4,2,2,422,3,8
17333.0,86,1,439.53000000000003,2,1,3,213,3,6
17334.0,301,3,136.20000000000002,1,3,2,132,1,6
17337.0,151,5,1584.71,2,4,5,245,3,11
17338.0,17,9,5583.34,4,5,5,455,0,14
17339.0,94,2,75.0,2,2,1,221,3,5
17340.0,9,14,4959.85,5,5,5,555,0,15
17341.0,157,3,516.3000000000001,2,3,3,233,1,8
17343.0,355,1,168.74,1,1,2,112,1,4
17344.0,46,1,132.62,3,1,1,311,3,5
17345.0,15,4,375.74,4,4,3,443,3,11
17346.0,4,16,2086.48,5,5,5,555,0,15
17348.0,15,5,948.16,4,4,4,444,3,12
17349.0,179,1,35.05,1,1,1,111,1,3
17350.0,8,4,861.4,5,4,4,544,3,13
17351.0,36,2,51.0,3,2,1,321,3,6
17354.0,51,1,56.690000000000005,3,1,1,311,3,5
17356.0,312,1,178.22,1,1,2,112,1,4
17357.0,24,2,186.22,4,2,2,422,3,8
17358.0,303,2,342.36,1,2,3,123,1,6
17359.0,11,1,56.15,5,1,1,511,3,7
17360.0,17,3,486.79,4,3,3,433,3,10
17361.0,49,2,340.85,3,2,3,323,3,8
17362.0,239,2,276.28,1,2,2,122,1,5
17364.0,1,12,3181.9900000000002,5,5,5,555,0,15
17365.0,13,8,3722.43,4,5,5,455,0,14
17367.0,238,1,148.60999999999999,1,1,2,112,1,4
17368.0,23,8,411.19,4,5,3,453,3,12
17370.0,73,4,398.21999999999997,2,4,3,243,3,9
17371.0,17,3,205.15,4,3,2,432,3,9
17372.0,41,8,1227.3,3,5,5,355,3,13
17373.0,40,4,584.07,3,4,4,344,3,11
17374.0,219,2,109.07000000000001,1,2,1,121,1,4
17375.0,190,4,305.46,1,4,3,143,1,8
17376.0,71,2,185.0,2,2,2,222,3,6
17377.0,24,20,3092.42,4,5,5,455,0,14
17379.0,11,1,342.16,5,1,3,513,3,9
17381.0,151,2,47.220000000000006,2,2,1,221,1,5
17383.0,4,1,193.39000000000001,5,1,2,512,3,8
17384.0,19,2,122.2,4,2,1,421,3,7
17385.0,15,1,246.16,4,1,2,412,3,7
17386.0,8,3,101.60000000000001,5,3,1,531,3,9
17387.0,20,2,591.82,4,2,4,424,3,10
17388.0,78,2,128.48,2,2,1,221,3,5
17389.0,3,27,1049.78,5,5,4,554,0,14
17392.0,307,2,332.52,1,2,3,123,1,6
17394.0,219,1,38.4,1,1,1,111,1,3
17396.0,149,1,37.5,2,1,1,211,1,4
17397.0,22,2,532.36,4,2,3,423,3,9
17398.0,115,3,378.78000000000003,2,3,3,233,3,8
17400.0,126,5,1446.6200000000001,2,4,5,245,3,11
17402.0,5,6,171.95,5,4,2,542,3,11
17403.0,36,1,238.17000000000002,3,1,2,312,3,6
17404.0,26,6,368.14,4,4,3,443,3,11
17405.0,1,5,636.97,5,4,4,544,3,13
17406.0,330,3,990.1700000000001,1,3,4,134,1,8
17409.0,185,2,111.55000000000001,1,2,1,121,1,4
17410.0,16,5,858.57,4,4,4,444,3,12
17411.0,12,4,458.7,4,4,3,443,3,11
17412.0,3,7,1085.14,5,5,4,554,3,14
17414.0,185,1,28.0,1,1,1,111,1,3
17415.0,80,1,138.44,2,1,2,212,3,5
17416.0,30,6,3937.52,4,4,5,445,0,13
17418.0,42,2,349.76,3,2,3,323,3,8
17419.0,11,13,2885.67,5,5,5,555,0,15
17420.0,50,3,445.48,3,3,3,333,3,9
17422.0,16,10,1468.3,4,5,5,455,3,14
17423.0,46,2,425.29,3,2,3,323,3,8
17425.0,61,1,655.97,3,1,4,314,3,8
17426.0,4,7,3801.09,5,5,5,555,0,15
17427.0,72,1,30.0,2,1,1,211,3,4
17428.0,38,24,2595.51,3,5,5,355,0,13
17429.0,121,4,388.92,2,4,3,243,3,9
17430.0,33,2,203.36,3,2,2,322,3,7
17431.0,313,1,357.4,1,1,3,113,1,5
17432.0,18,2,349.36,4,2,3,423,3,9
17433.0,88,1,283.26,2,1,2,212,3,5
17434.0,2,9,1637.8700000000001,5,5,5,555,3,15
17436.0,2,2,170.39999999999998,5,2,2,522,3,9
17438.0,247,2,272.90000000000003,1,2,2,122,1,5
17440.0,148,4,13.3,2,4,1,241,1,7
17442.0,29,9,2037.34,4,5,5,455,3,14
17444.0,152,2,1704.44,2,2,5,225,3,9
17446.0,177,2,120.9,2,2,1,221,1,5
17447.0,40,2,500.96999999999997,3,2,3,323,3,8
17449.0,2,8,2149.81,5,5,5,555,3,15
17450.0,11,7,991.4399999999999,5,5,4,554,3,14
17451.0,1,9,1578.4,5,5,5,555,3,15
17453.0,18,2,155.07,4,2,2,422,3,8
17454.0,192,4,451.88,1,4,3,143,1,8
17455.0,204,1,111.8,1,1,1,111,1,3
17456.0,365,1,219.62,1,1,2,112,1,4
17457.0,127,2,77.11,2,2,1,221,3,5
17458.0,15,1,300.40000000000003,4,1,3,413,3,8
17459.0,43,2,551.99,3,2,4,324,3,9
17460.0,94,4,483.68,2,4,3,243,3,9
17461.0,23,3,612.01,4,3,4,434,3,11
17462.0,51,3,311.33,3,3,3,333,3,9
17463.0,16,6,1626.26,4,4,5,445,3,13
17464.0,158,1,67.14999999999999,2,1,1,211,1,4
17466.0,10,2,531.88,5,2,3,523,3,10
17468.0,10,2,137.0,5,2,2,522,3,9
17469.0,16,6,1494.8,4,4,5,445,3,13
17470.0,45,5,734.41,3,4,4,344,3,11
17472.0,191,3,656.14,1,3,4,134,1,8
17475.0,79,1,194.37,2,1,2,212,3,5
17480.0,74,2,466.91,2,2,3,223,3,7
17481.0,4,5,1038.91,5,4,4,544,3,13
17483.0,65,3,302.44,3,3,3,333,3,9
17486.0,261,1,376.97,1,1,3,113,1,5
17489.0,59,2,361.52,3,2,3,323,3,8
17490.0,1,9,839.54,5,5,4,554,3,14
17491.0,1,10,1499.98,5,5,5,555,3,15
17492.0,248,1,140.0,1,1,2,112,1,4
17495.0,8,2,432.26,5,2,3,523,3,10
17496.0,359,1,251.10000000000002,1,1,2,112,1,4
17498.0,76,1,235.74,2,1,2,212,3,5
17499.0,290,1,460.1,1,1,3,113,1,5
17501.0,221,2,259.35,1,2,2,122,1,5
17502.0,9,4,517.2,5,4,3,543,3,12
17503.0,3,2,382.85,5,2,3,523,3,10
17504.0,206,9,1559.42,1,5,5,155,1,11
17505.0,162,2,967.94,2,2,4,224,1,8
17506.0,70,2,294.29,3,2,3,323,3,8
17507.0,262,2,574.73,1,2,4,124,1,7
17508.0,281,1,343.06,1,1,3,113,1,5
17509.0,58,11,6069.24,3,5,5,355,0,13
17510.0,25,1,282.98,4,1,2,412,3,7
17511.0,3,41,2955.28,5,5,5,555,0,15
17512.0,51,9,1385.3600000000001,3,5,5,355,3,13
17513.0,72,1,30.0,2,1,1,211,3,4
17514.0,128,1,200.15,2,1,2,212,3,5
17515.0,31,4,403.17,4,4,3,443,3,11
17516.0,15,5,651.71,4,4,4,444,3,12
17517.0,309,1,128.44,1,1,1,111,1,3
17519.0,17,7,907.0500000000001,4,5,4,454,3,13
17520.0,54,1,441.29,3,1,3,313,3,7
17521.0,24,4,643.74,4,4,4,444,3,12
17522.0,2,5,649.76,5,4,4,544,3,13
17523.0,11,2,263.43,5,2,2,522,3,9
17524.0,361,1,107.2,1,1,1,111,1,3
17525.0,360,1,22.5,1,1,1,111,1,3
17526.0,5,4,140.20000000000002,5,4,2,542,3,11
17527.0,54,4,671.86,3,4,4,344,3,11
17528.0,1,10,2652.81,5,5,5,555,0,15
17530.0,1,10,2050.54,5,5,5,555,0,15
17531.0,121,2,190.25,2,2,2,222,3,6
17534.0,54,1,183.76,3,1,2,312,3,6
17535.0,280,1,164.4,1,1,2,112,1,4
17537.0,30,2,737.5600000000001,4,2,4,424,3,10
17538.0,26,1,92.66,4,1,1,411,3,6
17540.0,25,2,426.1,4,2,3,423,3,9
17542.0,270,1,141.55,1,1,2,112,1,4
17545.0,43,3,409.94,3,3,3,333,3,9
17547.0,372,1,-11.8,1,1,1,111,1,3
17548.0,218,2,53.8,1,2,1,121,1,4
17549.0,24,2,16.439999999999998,4,2,1,421,3,7
17550.0,197,3,198.41,1,3,2,132,1,6
17551.0,359,1,281.84,1,1,2,112,1,4
17552.0,43,6,793.8199999999999,3,4,4,344,3,11
17554.0,1,5,895.41,5,4,4,544,3,13
17555.0,20,2,471.81,4,2,3,423,3,9
17556.0,206,1,67.95,1,1,1,111,1,3
17557.0,14,3,465.61,4,3,3,433,3,10
17560.0,155,4,151.57,2,4,2,242,1,8
17561.0,19,1,137.5,4,1,2,412,3,7
17562.0,14,8,1014.02,4,5,4,454,3,13
17564.0,24,3,409.36,4,3,3,433,3,10
17566.0,8,2,734.27,5,2,4,524,3,11
17567.0,7,10,2191.71,5,5,5,555,0,15
17569.0,332,1,202.04,1,1,2,112,1,4
17571.0,50,3,1017.81,3,3,4,334,3,10
17572.0,71,4,206.85000000000002,2,4,2,242,3,8
17573.0,29,3,336.44,4,3,3,433,3,10
17574.0,243,1,155.8,1,1,2,112,1,4
17576.0,8,19,2544.2,5,5,5,555,0,15
17578.0,218,1,49.5,1,1,1,111,1,3
17579.0,5,4,418.95,5,4,3,543,3,12
17580.0,312,2,160.07,1,2,2,122,1,5
17581.0,1,26,5964.87,5,5,5,555,0,15
17582.0,236,1,99.37,1,1,1,111,1,3
17584.0,7,3,408.40000000000003,5,3,3,533,3,11
17585.0,109,4,816.77,2,4,4,244,3,10
17588.0,100,2,91.0,2,2,1,221,3,5
17589.0,60,4,1913.62,3,4,5,345,3,12
17590.0,2,3,1200.19,5,3,5,535,3,13
17591.0,73,7,1006.0300000000001,2,5,4,254,3,11
17593.0,4,6,2544.8,5,4,5,545,3,14
17594.0,85,2,953.58,2,2,4,224,3,8
17595.0,12,2,302.84000000000003,4,2,3,423,3,9
17596.0,23,7,1055.54,4,5,4,454,3,13
17597.0,214,1,577.98,1,1,4,114,1,6
17600.0,18,1,115.68,4,1,1,411,3,6
17601.0,239,1,108.45,1,1,1,111,1,3
17602.0,2,8,3790.66,5,5,5,555,0,15
17603.0,50,2,140.97,3,2,2,322,3,7
17604.0,217,2,266.02,1,2,2,122,1,5
17608.0,33,2,191.99,3,2,2,322,3,7
17609.0,41,6,951.39,3,4,4,344,3,11
17611.0,4,19,3221.47,5,5,5,555,0,15
17612.0,53,10,1510.8,3,5,5,355,3,13
17613.0,23,15,3493.89,4,5,5,455,0,14
17614.0,57,1,346.72,3,1,3,313,3,7
17615.0,130,3,144.05,2,3,2,232,3,7
17618.0,6,3,644.63,5,3,4,534,3,12
17619.0,312,1,198.47,1,1,2,112,1,4
17620.0,60,1,47.44,3,1,1,311,3,5
17621.0,21,3,273.7,4,3,2,432,3,9
17623.0,33,1,455.45,3,1,3,313,3,7
17624.0,15,2,747.43,4,2,4,424,3,10
17625.0,18,4,1826.15,4,4,5,445,3,13
17628.0,81,1,75.75,2,1,1,211,3,4
17629.0,6,8,1159.12,5,5,5,555,3,15
17630.0,170,2,219.39999999999998,2,2,2,222,1,6
17631.0,2,3,445.29,5,3,3,533,3,11
17633.0,31,5,1050.38,4,4,4,444,3,12
17634.0,36,9,1369.99,3,5,5,355,3,13
17636.0,9,2,265.93,5,2,2,522,3,9
17637.0,31,2,464.51,4,2,3,423,3,9
17639.0,276,1,60.2,1,1,1,111,1,3
17642.0,120,2,554.29,2,2,4,224,3,8
17643.0,373,1,58.8,1,1,1,111,1,3
17644.0,1,15,1856.04,5,5,5,555,0,15
17646.0,219,4,691.26,1,4,4,144,1,9
17647.0,65,1,82.11,3,1,1,311,3,5
17648.0,61,3,1123.08,3,3,4,334,3,10
17649.0,135,2,774.74,2,2,4,224,3,8
17650.0,21,1,166.08,4,1,2,412,3,7
17651.0,12,12,3360.45,4,5,5,455,0,14
17652.0,25,16,4032.83,4,5,5,455,0,14
17653.0,29,4,508.04,4,4,3,443,3,11
17654.0,277,1,80.65,1,1,1,111,1,3
17655.0,11,7,1004.64,5,5,4,554,3,14
17656.0,73,5,1012.55,2,4,4,244,3,10
17658.0,26,2,139.01999999999998,4,2,2,422,3,8
17659.0,4,13,2157.84,5,5,5,555,0,15
17660.0,141,1,119.0,2,1,1,211,3,4
17663.0,26,8,1446.67,4,5,5,455,3,14
17664.0,19,2,547.94,4,2,4,424,3,10
17666.0,4,2,110.58,5,2,1,521,3,8
17667.0,66,5,1668.47,3,4,5,345,3,12
17668.0,1,2,145.25,5,2,2,522,3,9
17669.0,43,7,838.9200000000001,3,5,4,354,3,12
17670.0,228,1,173.9,1,1,2,112,1,4
17671.0,16,5,886.79,4,4,4,444,3,12
17672.0,44,3,1475.52,3,3,5,335,3,11
17673.0,1,7,1252.7,5,5,5,555,3,15
17674.0,74,2,170.52,2,2,2,222,3,6
17675.0,1,35,9120.7,5,5,5,555,0,15
17676.0,4,7,1146.79,5,5,4,554,3,14
17677.0,2,32,2858.31,5,5,5,555,0,15
17678.0,264,1,298.11,1,1,3,113,1,5
17679.0,86,1,92.7,2,1,1,211,3,4
17680.0,24,1,151.4,4,1,2,412,3,7
17682.0,10,7,2180.69,5,5,5,555,3,15
17684.0,44,1,201.01,3,1,2,312,3,6
17685.0,17,7,1593.3,4,5,5,455,3,14
17686.0,7,7,3843.58,5,5,5,555,0,15
17690.0,30,16,2769.32,4,5,5,455,0,14
17691.0,358,2,242.70000000000002,1,2,2,122,1,5
17692.0,127,5,518.94,2,4,3,243,3,9
17693.0,136,2,161.52,2,2,2,222,3,6
17694.0,142,1,251.92000000000002,2,1,2,212,3,5
17695.0,132,2,409.94,2,2,3,223,3,7
17696.0,38,14,1334.3700000000001,3,5,5,355,0,13
17697.0,236,1,258.65000000000003,1,1,2,112,1,4
17698.0,261,1,154.95,1,1,2,112,1,4
17700.0,17,5,2085.94,4,4,5,445,3,13
17701.0,253,1,193.65,1,1,2,112,1,4
17702.0,30,6,905.64,4,4,4,444,3,12
17703.0,35,3,798.74,3,3,4,334,3,10
17704.0,169,2,399.69000000000005,2,2,3,223,1,7
17705.0,3,10,1312.62,5,5,5,555,3,15
17706.0,4,22,4932.3,5,5,5,555,0,15
17707.0,185,2,50.400000000000006,1,2,1,121,1,4
17708.0,188,2,254.82999999999998,1,2,2,122,1,5
17709.0,170,1,58.25,2,1,1,211,1,4
17711.0,11,2,369.8,5,2,3,523,3,10
17712.0,45,1,403.21,3,1,3,313,3,7
17714.0,321,1,153.0,1,1,2,112,1,4
17716.0,29,11,3827.4900000000002,4,5,5,455,0,14
17718.0,232,1,113.85,1,1,1,111,1,3
17719.0,38,18,2845.38,3,5,5,355,0,13
17720.0,26,3,514.94,4,3,3,433,3,10
17722.0,96,5,1452.06,2,4,5,245,3,11
17723.0,214,1,64.9,1,1,1,111,1,3
17724.0,58,4,658.15,3,4,4,344,3,11
17725.0,16,13,2738.3,4,5,5,455,0,14
17727.0,15,1,923.35,4,1,4,414,3,9
17728.0,4,4,2544.58,5,4,5,545,3,14
17730.0,3,15,2841.23,5,5,5,555,0,15
17731.0,79,5,736.46,2,4,4,244,3,10
17732.0,373,1,222.52,1,1,2,112,1,4
17733.0,39,2,471.63,3,2,3,323,3,8
17734.0,54,3,528.31,3,3,3,333,3,9
17735.0,2,19,11012.05,5,5,5,555,0,15
17736.0,9,2,215.59,5,2,2,522,3,9
17737.0,9,2,137.64000000000001,5,2,2,522,3,9
17738.0,19,5,1268.16,4,4,5,445,3,13
17739.0,38,7,359.49,3,5,3,353,3,11
17742.0,113,2,130.06,2,2,1,221,3,5
17744.0,4,6,1472.26,5,4,5,545,3,14
17746.0,235,2,63.35,1,2,1,121,1,4
17747.0,100,1,-6.75,2,1,1,211,3,4
17749.0,178,2,399.75,2,2,3,223,1,7
17750.0,5,9,1109.66,5,5,4,554,3,14
17754.0,1,5,702.95,5,4,4,544,3,13
17757.0,1,30,4070.15,5,5,5,555,0,15
17758.0,19,8,3081.55,4,5,5,455,0,14
17759.0,17,3,665.46,4,3,4,434,3,11
17760.0,22,2,218.25,4,2,2,422,3,8
17761.0,33,1,169.07999999999998,3,1,2,312,3,6
17763.0,263,1,15.0,1,1,1,111,1,3
17764.0,51,2,589.35,3,2,4,324,3,9
17765.0,159,3,259.58,2,3,2,232,1,7
17767.0,15,1,262.95,4,1,2,412,3,7
17768.0,8,3,805.71,5,3,4,534,3,12
17769.0,13,11,2857.9500000000003,4,5,5,455,0,14
17770.0,199,3,286.57,1,3,3,133,1,7
17771.0,57,2,213.71,3,2,2,322,3,7
17772.0,11,2,125.0,5,2,1,521,3,8
17774.0,97,4,985.74,2,4,4,244,3,10
17775.0,255,1,56.4,1,1,1,111,1,3
17777.0,25,3,629.11,4,3,4,434,3,11
17779.0,21,4,413.26,4,4,3,443,3,11
17781.0,159,1,22.67,2,1,1,211,1,4
17783.0,72,2,274.97,2,2,2,222,3,6
17785.0,53,1,123.44,3,1,1,311,3,5
17786.0,85,2,226.78,2,2,2,222,3,6
17787.0,153,4,1483.5900000000001,2,4,5,245,3,11
17788.0,130,1,8.2,2,1,1,211,3,4
17789.0,281,1,191.65,1,1,2,112,1,4
17790.0,27,14,1652.25,4,5,5,455,0,14
17791.0,30,1,106.1,4,1,1,411,3,6
17793.0,25,1,162.37,4,1,2,412,3,7
17795.0,180,2,311.48,1,2,3,123,1,6
17796.0,40,4,538.45,3,4,3,343,3,10
17797.0,22,3,644.63,4,3,4,434,3,11
17799.0,22,10,2534.95,4,5,5,455,0,14
17800.0,37,9,952.36,3,5,4,354,3,12
17802.0,82,4,961.22,2,4,4,244,3,10
17805.0,74,1,21.57,2,1,1,211,3,4
17806.0,11,1,445.11,5,1,3,513,3,9
17809.0,16,5,157.19,4,4,2,442,3,10
17811.0,4,50,4439.11,5,5,5,555,0,15
17812.0,13,4,547.26,4,4,4,444,3,12
17813.0,14,6,1138.49,4,4,4,444,3,12
17816.0,37,4,36.56,3,4,1,341,3,8
17817.0,4,2,114.43,5,2,1,521,3,8
17819.0,241,3,95.71,1,3,1,131,1,5
17820.0,191,2,-11.3,1,2,1,121,1,4
17824.0,51,1,235.84,3,1,2,312,3,6
17827.0,5,5,1620.16,5,4,5,545,3,14
17828.0,9,8,861.65,5,5,4,554,3,14
17829.0,299,1,638.74,1,1,4,114,1,6
17830.0,2,3,200.75,5,3,2,532,3,10
17831.0,33,1,35.400000000000006,3,1,1,311,3,5
17832.0,50,1,148.53,3,1,2,312,3,6
17835.0,3,3,279.54,5,3,2,532,3,10
17836.0,47,1,110.21000000000001,3,1,1,311,3,5
17837.0,42,9,1079.63,3,5,4,354,3,12
17838.0,27,6,1566.0,4,4,5,445,3,13
17839.0,42,1,318.15,3,1,3,313,3,7
17841.0,2,163,29411.6,5,5,5,555,2,15
17843.0,303,1,178.63,1,1,2,112,1,4
17844.0,107,1,51.559999999999995,2,1,1,211,3,4
17848.0,148,6,244.59,2,4,2,242,3,8
17849.0,264,3,64.60000000000001,1,3,1,131,1,5
17850.0,302,35,4191.31,1,5,5,155,0,11
17852.0,12,2,114.34,4,2,1,421,3,7
17854.0,185,2,120.01,1,2,1,121,1,4
17855.0,373,1,199.02,1,1,2,112,1,4
17856.0,233,4,11.36,1,4,1,141,1,6
17857.0,358,1,5.5,1,1,1,111,1,3
17858.0,6,9,1692.41,5,5,5,555,3,15
17859.0,305,1,78.92,1,1,1,111,1,3
17860.0,369,1,194.65,1,1,2,112,1,4
17861.0,3,8,1499.48,5,5,5,555,3,15
17862.0,324,1,80.0,1,1,1,111,1,3
17863.0,59,6,2339.92,3,4,5,345,3,12
17864.0,13,3,495.75,4,3,3,433,3,10
17865.0,31,23,5284.860000000001,4,5,5,455,0,14
17866.0,143,2,83.25,2,2,1,221,3,5
17867.0,30,3,201.54000000000002,4,3,2,432,3,9
17869.0,107,5,230.03,2,4,2,242,3,8
17870.0,2,12,1291.1200000000001,5,5,5,555,3,15
17871.0,205,1,131.42000000000002,1,1,1,111,1,3
17873.0,80,5,441.62,2,4,3,243,3,9
17874.0,185,6,368.77,1,4,3,143,1,8
17877.0,170,1,98.61,2,1,1,211,1,4
17878.0,44,1,197.63,3,1,2,312,3,6
17879.0,174,1,25.31,2,1,1,211,1,4
17880.0,365,1,387.82,1,1,3,113,1,5
17881.0,304,1,77.55,1,1,1,111,1,3
17883.0,3,4,493.34,5,4,3,543,3,12
17884.0,4,4,537.22,5,4,3,543,3,12
17885.0,12,1,139.59,4,1,2,412,3,7
17886.0,32,3,318.83,4,3,3,433,3,10
17887.0,129,1,47.05,2,1,1,211,3,4
17888.0,60,7,349.11,3,5,3,353,3,11
17889.0,212,2,112.32,1,2,1,121,1,4
17890.0,323,2,508.57,1,2,3,123,1,6
17891.0,162,1,203.85999999999999,2,1,2,212,1,5
17892.0,57,2,121.1,3,2,1,321,3,6
17893.0,225,1,66.31,1,1,1,111,1,3
17894.0,72,8,904.91,2,5,4,254,3,11
17895.0,44,1,80.36,3,1,1,311,3,5
17897.0,173,3,380.56,2,3,3,233,1,8
17898.0,85,2,138.14,2,2,2,222,3,6
17899.0,159,1,94.34,2,1,1,211,1,4
17900.0,165,4,52.199999999999996,2,4,1,241,1,7
17901.0,29,1,41.78,4,1,1,411,3,6
17904.0,21,1,91.62,4,1,1,411,3,6
17905.0,157,3,243.69,2,3,2,232,1,7
17906.0,247,1,55.95,1,1,1,111,1,3
17908.0,374,1,218.2,1,1,2,112,1,4
17911.0,9,1,294.35,5,1,3,513,3,9
17912.0,310,6,188.73,1,4,2,142,1,7
17913.0,59,2,339.39,3,2,3,323,3,8
17914.0,4,1,230.68,5,1,2,512,3,8
17917.0,45,3,318.08,3,3,3,333,3,9
17919.0,88,1,145.07999999999998,2,1,2,212,3,5
17920.0,4,17,3254.02,5,5,5,555,0,15
17921.0,64,4,769.38,3,4,4,344,3,11
17924.0,1,8,27.629999999999995,5,5,1,551,3,11
17926.0,133,2,309.23,2,2,3,223,3,7
17928.0,45,2,84.16,3,2,1,321,3,6
17930.0,36,5,409.08,3,4,3,343,3,10
17931.0,134,2,255.0,2,2,2,222,3,6
17932.0,29,3,1188.92,4,3,5,435,3,12
17934.0,59,1,226.32000000000002,3,1,2,312,3,6
17935.0,138,2,137.29,2,2,2,222,3,6
17936.0,5,1,237.53,5,1,2,512,3,8
17937.0,115,2,60.0,2,2,1,221,3,5
17939.0,160,1,99.14,2,1,1,211,1,4
17942.0,8,1,1.9,5,1,1,511,3,7
17946.0,233,2,79.78,1,2,1,121,1,4
17947.0,37,1,93.72,3,1,1,311,3,5
17949.0,151,2,47.58,2,2,1,221,1,5
17950.0,72,3,365.15,2,3,3,233,3,8
17951.0,40,3,208.38000000000002,3,3,2,332,3,8
17954.0,5,13,2010.07,5,5,5,555,0,15
17955.0,220,2,55.599999999999994,1,2,1,121,1,4
17957.0,66,1,96.25,3,1,1,311,3,5
17958.0,117,1,85.16,2,1,1,211,3,4
17960.0,171,1,73.78,2,1,1,211,1,4
17961.0,21,37,858.24,4,5,4,454,0,13
17962.0,142,1,82.02,2,1,1,211,3,4
17964.0,32,2,326.25,4,2,3,423,3,9
17965.0,38,14,2060.67,3,5,5,355,0,13
17966.0,151,2,155.43,2,2,2,222,1,6
17967.0,372,1,84.42,1,1,1,111,1,3
17968.0,374,1,257.15,1,1,2,112,1,4
17969.0,166,2,63.45,2,2,1,221,1,5
17970.0,211,1,279.33,1,1,2,112,1,4
17972.0,242,1,96.54,1,1,1,111,1,3
17973.0,52,1,210.07999999999998,3,1,2,312,3,6
17974.0,25,3,651.1,4,3,4,434,3,11
17975.0,15,13,2218.75,4,5,5,455,0,14
17976.0,372,1,282.64,1,1,2,112,1,4
17977.0,29,1,95.29,4,1,1,411,3,6
17978.0,365,1,129.5,1,1,1,111,1,3
17979.0,36,4,576.43,3,4,4,344,3,11
17980.0,166,3,178.0,2,3,2,232,1,7
17984.0,145,1,131.68,2,1,1,211,1,4
17985.0,22,1,173.25,4,1,2,412,3,7
17986.0,56,1,20.8,3,1,1,311,3,5
17987.0,185,1,123.92999999999999,1,1,1,111,1,3
17988.0,12,7,99.92,4,5,1,451,3,10
17990.0,237,3,500.34000000000003,1,3,3,133,1,7
17991.0,225,2,8.850000000000001,1,2,1,121,1,4
17994.0,122,5,522.03,2,4,3,243,3,9
17995.0,282,1,23.6,1,1,1,111,1,3
17997.0,74,11,865.37,2,5,4,254,3,11
17999.0,37,2,334.79,3,2,3,323,3,8
18001.0,12,2,232.37,4,2,2,422,3,8
18004.0,362,1,112.37,1,1,1,111,1,3
18005.0,4,2,163.02,5,2,2,522,3,9
18006.0,23,1,251.53000000000003,4,1,2,412,3,7
18008.0,70,4,71.53,3,4,1,341,3,8
18009.0,235,2,177.19,1,2,2,122,1,5
18010.0,257,1,61.6,1,1,1,111,1,3
18011.0,373,1,92.84,1,1,1,111,1,3
18013.0,155,2,129.81,2,2,1,221,1,5
18014.0,28,1,146.32,4,1,2,412,3,7
18015.0,4,1,120.03,5,1,1,511,3,7
18016.0,32,5,949.6,4,4,4,444,3,12
18018.0,108,2,53.589999999999996,2,2,1,221,3,5
18019.0,52,1,28.5,3,1,1,311,3,5
18022.0,36,1,542.25,3,1,4,314,3,8
18024.0,153,1,67.63,2,1,1,211,1,4
18027.0,99,1,115.31,2,1,1,211,3,4
18030.0,4,2,35.45,5,2,1,521,3,8
18032.0,334,1,73.5,1,1,1,111,1,3
18033.0,65,1,71.82,3,1,1,311,3,5
18034.0,22,2,342.84,4,2,3,423,3,9
18035.0,36,3,240.92999999999998,3,3,2,332,3,8
18036.0,32,3,403.12,4,3,3,433,3,10
18037.0,154,6,33.17,2,4,1,241,1,7
18040.0,19,2,340.20000000000005,4,2,3,423,3,9
18041.0,12,22,2604.27,4,5,5,455,0,14
18042.0,54,1,93.35,3,1,1,311,3,5
18043.0,25,3,426.59000000000003,4,3,3,433,3,10
18044.0,4,11,1331.51,5,5,5,555,3,15
18045.0,45,1,145.09,3,1,2,312,3,6
18048.0,203,2,50.97,1,2,1,121,1,4
18050.0,359,1,74.4,1,1,1,111,1,3
18053.0,66,2,280.07,3,2,2,322,3,7
18055.0,7,11,4894.24,5,5,5,555,0,15
18056.0,288,1,293.7,1,1,3,113,1,5
18058.0,10,1,6.959999999999999,5,1,1,511,3,7
18059.0,9,4,227.71,5,4,2,542,3,11
18061.0,108,7,489.49,2,5,3,253,3,10
18062.0,173,3,282.45,2,3,2,232,1,7
18064.0,133,1,48.0,2,1,1,211,3,4
18065.0,6,15,1790.41,5,5,5,555,0,15
18066.0,75,1,202.2,2,1,2,212,3,5
18067.0,40,1,319.03,3,1,3,313,3,7
18069.0,26,7,1837.57,4,5,5,455,3,14
18071.0,258,2,369.4,1,2,3,123,1,6
18072.0,155,2,62.88,2,2,1,221,1,5
18073.0,114,12,615.32,2,5,4,254,3,11
18074.0,374,1,143.60000000000002,1,1,2,112,1,4
18075.0,23,13,1906.66,4,5,5,455,0,14
18077.0,8,11,2278.69,5,5,5,555,0,15
18078.0,217,2,142.63,1,2,2,122,1,5
18079.0,45,3,532.09,3,3,3,333,3,9
18081.0,36,3,290.58000000000004,3,3,3,333,3,9
18082.0,26,1,562.88,4,1,4,414,3,9
18084.0,301,1,-2.95,1,1,1,111,1,3
18085.0,330,2,407.35,1,2,3,123,1,6
18086.0,274,1,101.34,1,1,1,111,1,3
18087.0,302,1,-10.2,1,1,1,111,1,3
18088.0,61,1,132.03,3,1,1,311,3,5
18092.0,29,5,215.1,4,4,2,442,3,10
18093.0,120,3,182.89999999999998,2,3,2,232,3,7
18094.0,82,6,810.9200000000001,2,4,4,244,3,10
18095.0,313,2,283.8,1,2,2,122,1,5
18096.0,12,3,684.94,4,3,4,434,3,11
18097.0,8,7,1288.8700000000001,5,5,5,555,3,15
18099.0,127,1,160.35999999999999,2,1,2,212,3,5
18101.0,11,2,162.7,5,2,2,522,3,9
18102.0,1,9,577.25,5,5,4,554,3,14
18104.0,37,1,424.64,3,1,3,313,3,7
18105.0,38,1,103.53,3,1,1,311,3,5
18106.0,330,1,196.05,1,1,2,112,1,4
18108.0,249,2,194.85,1,2,2,122,1,5
18109.0,2,29,2499.7200000000003,5,5,5,555,0,15
18110.0,19,2,170.45000000000002,4,2,2,422,3,8
18112.0,12,2,198.52,4,2,2,422,3,8
18114.0,290,1,137.9,1,1,2,112,1,4
18116.0,68,8,1084.15,3,5,4,354,3,12
18117.0,26,1,220.67,4,1,2,412,3,7
18118.0,11,27,4642.76,5,5,5,555,0,15
18119.0,368,1,83.99,1,1,1,111,1,3
18120.0,214,1,75.35,1,1,1,111,1,3
18121.0,149,2,446.03999999999996,2,2,3,223,1,7
18122.0,8,6,1609.6200000000001,5,4,5,545,3,14
18123.0,24,2,374.16,4,2,3,423,3,9
18125.0,30,5,1022.42,4,4,4,444,3,12
18126.0,61,1,192.67000000000002,3,1,2,312,3,6
18127.0,19,3,257.09000000000003,4,3,2,432,3,9
18129.0,243,1,99.80000000000001,1,1,1,111,1,3
18130.0,9,4,927.51,5,4,4,544,3,13
18135.0,29,4,90.05,4,4,1,441,3,9
18136.0,63,3,597.53,3,3,4,334,3,10
18138.0,295,1,67.80000000000001,1,1,1,111,1,3
18139.0,18,6,1635.06,4,4,5,445,3,13
18142.0,151,3,50.580000000000005,2,3,1,231,1,6
18143.0,117,2,895.8100000000001,2,2,4,224,3,8
18144.0,31,8,253.15,4,5,2,452,3,11
18145.0,13,4,2716.12,4,4,5,445,3,13
18146.0,141,2,160.35000000000002,2,2,2,222,3,6
18147.0,46,2,108.24,3,2,1,321,3,6
18149.0,51,3,225.1,3,3,2,332,3,8
18150.0,32,3,566.58,4,3,4,434,3,11
18151.0,135,2,560.7,2,2,4,224,3,8
18154.0,3,2,360.94,5,2,3,523,3,10
18155.0,75,4,327.66,2,4,3,243,3,9
18156.0,13,2,639.19,4,2,4,424,3,10
18158.0,9,3,451.75,5,3,3,533,3,11
18159.0,301,1,257.25,1,1,2,112,1,4
18160.0,57,2,499.06,3,2,3,323,3,8
18161.0,10,6,1235.52,5,4,5,545,3,14
18164.0,31,2,332.45,4,2,3,423,3,9
18165.0,177,1,78.66,2,1,1,211,1,4
18167.0,4,6,435.65000000000003,5,4,3,543,3,12
18168.0,176,8,796.88,2,5,4,254,1,11
18169.0,61,1,151.65,3,1,2,312,3,6
18170.0,33,3,450.91,3,3,3,333,3,9
18171.0,59,6,553.73,3,4,4,344,3,11
18172.0,31,18,2350.4,4,5,5,455,0,14
18173.0,87,4,235.96,2,4,2,242,3,8
18176.0,354,2,412.85,1,2,3,123,1,6
18177.0,31,6,987.27,4,4,4,444,3,12
18178.0,114,6,1503.82,2,4,5,245,3,11
18179.0,9,5,1233.24,5,4,5,545,3,14
18180.0,5,6,1637.38,5,4,5,545,3,14
18181.0,24,1,324.40000000000003,4,1,3,413,3,8
18183.0,218,6,481.32000000000005,1,4,3,143,1,8
18185.0,249,1,214.25,1,1,2,112,1,4
18188.0,15,4,1198.05,4,4,5,445,3,13
18189.0,78,3,885.44,2,3,4,234,3,9
18190.0,192,2,219.16000000000003,1,2,2,122,1,5
18191.0,262,1,37.4,1,1,1,111,1,3
18192.0,72,1,628.02,2,1,4,214,3,7
18193.0,165,1,208.91,2,1,2,212,1,5
18196.0,95,2,585.93,2,2,4,224,3,8
18198.0,4,18,1520.48,5,5,5,555,0,15
18200.0,106,1,150.35,2,1,2,212,3,5
18202.0,200,3,1019.39,1,3,4,134,1,8
18203.0,157,1,72.07,2,1,1,211,1,4
18204.0,71,4,1504.03,2,4,5,245,3,11
18205.0,36,2,369.26,3,2,3,323,3,8
18209.0,29,1,139.10000000000002,4,1,2,412,3,7
18210.0,2,6,1774.98,5,4,5,545,3,14
18211.0,26,5,475.47,4,4,3,443,3,11
18212.0,326,1,175.47,1,1,2,112,1,4
18213.0,237,1,232.48000000000002,1,1,2,112,1,4
18215.0,89,1,215.94,2,1,2,212,3,5
18216.0,31,1,360.85,4,1,3,413,3,8
18217.0,29,2,515.67,4,2,3,423,3,9
18218.0,206,4,231.29999999999998,1,4,2,142,1,7
18219.0,3,10,1616.92,5,5,5,555,3,15
18220.0,220,1,-7.5,1,1,1,111,1,3
18221.0,22,6,865.92,4,4,4,444,3,12
18222.0,93,1,252.75,2,1,2,212,3,5
18223.0,2,26,4408.31,5,5,5,555,0,15
18224.0,264,1,158.95000000000002,1,1,2,112,1,4
18225.0,3,16,3420.1,5,5,5,555,0,15
18226.0,39,13,3596.46,3,5,5,355,0,13
18227.0,218,1,30.0,1,1,1,111,1,3
18228.0,50,3,542.15,3,3,4,334,3,10
18229.0,12,18,1907.54,4,5,5,455,0,14
18230.0,9,9,1252.75,5,5,5,555,3,15
18231.0,192,6,1313.42,1,4,5,145,1,10
18232.0,82,5,523.07,2,4,3,243,3,9
18235.0,72,3,1398.58,2,3,5,235,3,10
18236.0,30,6,774.09,4,4,4,444,3,12
18237.0,3,5,819.5699999999999,5,4,4,544,3,13
18239.0,219,5,1411.01,1,4,5,145,1,10
18240.0,46,1,54.18000000000001,3,1,1,311,3,5
18241.0,10,18,1633.04,5,5,5,555,0,15
18242.0,72,4,882.6999999999999,2,4,4,244,3,10
18245.0,7,7,2266.43,5,5,5,555,3,15
18246.0,233,1,29.5,1,1,1,111,1,3
18248.0,114,4,578.84,2,4,4,244,3,10
18249.0,17,1,81.66,4,1,1,411,3,6
18250.0,301,2,264.27,1,2,2,122,1,5
18252.0,51,2,377.27,3,2,3,323,3,8
18255.0,89,1,103.3,2,1,1,211,3,4
18256.0,355,1,-19.549999999999997,1,1,1,111,1,3
18257.0,39,10,1755.3600000000001,3,5,5,355,3,13
18259.0,85,2,339.1,2,2,3,223,3,7
18260.0,173,8,1820.8500000000001,2,5,5,255,1,12
18261.0,43,2,314.29,3,2,3,323,3,8
18262.0,140,1,149.48,2,1,2,212,3,5
18263.0,23,4,959.12,4,4,4,444,3,12
18265.0,72,2,609.11,2,2,4,224,3,8
18269.0,366,1,129.0,1,1,1,111,1,3
18270.0,38,3,185.75,3,3,2,332,3,8
18272.0,3,7,2623.66,5,5,5,555,0,15
18274.0,18,2,108.12,4,2,1,421,3,7
18276.0,21,3,200.96,4,3,2,432,3,9
18277.0,58,1,110.38,3,1,1,311,3,5
18278.0,74,1,173.9,2,1,2,212,3,5
18280.0,278,1,137.0,1,1,2,112,1,4
18281.0,181,1,46.92,1,1,1,111,1,3
18282.0,8,3,111.68,5,3,1,531,3,9
18283.0,4,16,2002.6299999999999,5,5,5,555,0,15
18287.0,43,3,806.86,3,3,4,334,3,10
